-- phpMyAdmin SQL Dump
-- version 5.2.1
-- https://www.phpmyadmin.net/
--
-- Máy chủ: 127.0.0.1
-- Thời gian đã tạo: Th2 17, 2024 lúc 02:05 PM
-- Phiên bản máy phục vụ: 10.4.28-MariaDB
-- Phiên bản PHP: 8.2.4

SET SQL_MODE = "NO_AUTO_VALUE_ON_ZERO";
START TRANSACTION;
SET time_zone = "+00:00";


/*!40101 SET @OLD_CHARACTER_SET_CLIENT=@@CHARACTER_SET_CLIENT */;
/*!40101 SET @OLD_CHARACTER_SET_RESULTS=@@CHARACTER_SET_RESULTS */;
/*!40101 SET @OLD_COLLATION_CONNECTION=@@COLLATION_CONNECTION */;
/*!40101 SET NAMES utf8mb4 */;

--
-- Cơ sở dữ liệu: `mobile_store_db`
--

-- --------------------------------------------------------

--
-- Cấu trúc bảng cho bảng `brands`
--

CREATE TABLE `brands` (
  `id` int(30) NOT NULL,
  `name` varchar(250) NOT NULL,
  `description` text DEFAULT NULL,
  `status` tinyint(1) NOT NULL DEFAULT 1,
  `date_created` datetime NOT NULL DEFAULT current_timestamp()
) ENGINE=InnoDB DEFAULT CHARSET=utf8mb4 COLLATE=utf8mb4_general_ci;

--
-- Đang đổ dữ liệu cho bảng `brands`
--

INSERT INTO `brands` (`id`, `name`, `description`, `status`, `date_created`) VALUES
(1, 'Apple', 'Apple', 1, '2024-01-16 10:33:53'),
(3, 'Samsung', 'Samsung', 1, '2024-01-16 10:34:22'),
(9, 'Linh Kiện PC', 'lkpc', 1, '2024-01-04 21:23:54'),
(10, 'Phụ Kiện', 'pk', 1, '2024-01-04 21:50:05'),
(11, 'LapTop', 'laptop', 1, '2024-01-04 22:04:09'),
(12, 'PC', 'pc', 1, '2024-01-04 22:04:19');

-- --------------------------------------------------------

--
-- Cấu trúc bảng cho bảng `cart`
--

CREATE TABLE `cart` (
  `id` int(30) NOT NULL,
  `client_id` int(30) NOT NULL,
  `inventory_id` int(30) NOT NULL,
  `price` double NOT NULL,
  `quantity` int(30) NOT NULL,
  `date_created` datetime NOT NULL DEFAULT current_timestamp()
) ENGINE=InnoDB DEFAULT CHARSET=utf8mb4 COLLATE=utf8mb4_general_ci;

--
-- Đang đổ dữ liệu cho bảng `cart`
--

INSERT INTO `cart` (`id`, `client_id`, `inventory_id`, `price`, `quantity`, `date_created`) VALUES
(25, 7, 26, 31990000, 1, '2024-02-16 21:43:41'),
(27, 7, 16, 62990000, 1, '2024-02-16 21:43:50');

-- --------------------------------------------------------

--
-- Cấu trúc bảng cho bảng `categories`
--

CREATE TABLE `categories` (
  `id` int(30) NOT NULL,
  `category` varchar(250) NOT NULL,
  `description` text DEFAULT NULL,
  `status` tinyint(1) NOT NULL DEFAULT 1,
  `date_created` datetime NOT NULL DEFAULT current_timestamp()
) ENGINE=InnoDB DEFAULT CHARSET=utf8mb4 COLLATE=utf8mb4_general_ci;

--
-- Đang đổ dữ liệu cho bảng `categories`
--

INSERT INTO `categories` (`id`, `category`, `description`, `status`, `date_created`) VALUES
(1, 'Điện thoại', 'dien thoai ', 1, '2024-01-16 10:52:25'),
(2, 'Phụ kiện', 'phụ kiện ip', 1, '2024-01-16 10:52:49'),
(4, 'Laptop | PC', 'Laptop v&agrave; PC n&egrave;', 1, '2024-01-16 10:54:34');

-- --------------------------------------------------------

--
-- Cấu trúc bảng cho bảng `clients`
--

CREATE TABLE `clients` (
  `id` int(30) NOT NULL,
  `firstname` varchar(250) NOT NULL,
  `lastname` varchar(250) NOT NULL,
  `gender` varchar(20) NOT NULL,
  `contact` varchar(15) NOT NULL,
  `email` varchar(250) NOT NULL,
  `password` text NOT NULL,
  `default_delivery_address` text NOT NULL,
  `date_created` datetime NOT NULL DEFAULT current_timestamp()
) ENGINE=InnoDB DEFAULT CHARSET=utf8mb4 COLLATE=utf8mb4_general_ci;

--
-- Đang đổ dữ liệu cho bảng `clients`
--

INSERT INTO `clients` (`id`, `firstname`, `lastname`, `gender`, `contact`, `email`, `password`, `default_delivery_address`, `date_created`) VALUES
(2, 'Le', 'Duc', 'Nam', '12345678090', 'alo@gmail.com', 'c4ca4238a0b923820dcc509a6f75849b', 'Sóc Sơn - Hà Nội\r\n', '2024-01-02 02:29:04'),
(3, 'lee', 'michu', 'Nữ', '12345671111', 'michu@gmail.com', 'c4ca4238a0b923820dcc509a6f75849b', 'Sóc Sơn', '2024-01-18 20:53:54'),
(4, 'Ha', 'Duong', 'Nữ', '0321654987', 'michubibu@gmail.com', 'c4ca4238a0b923820dcc509a6f75849b', 'Tân Dân', '2024-01-23 19:47:20'),
(6, 'Mai', 'Ngoc', 'Nam', '12345678090', 'kh1@gmail.com', 'c4ca4238a0b923820dcc509a6f75849b', 'Tp.HCM', '2024-02-16 14:07:51'),
(7, 'Van Trung', 'Le', 'Nam', '12345678011', 'trungnaduc@gmail.com', 'c4ca4238a0b923820dcc509a6f75849b', 'Thanh Hóa', '2024-02-16 14:10:34');

-- --------------------------------------------------------

--
-- Cấu trúc bảng cho bảng `inventory`
--

CREATE TABLE `inventory` (
  `id` int(30) NOT NULL,
  `product_id` int(30) NOT NULL,
  `quantity` double NOT NULL,
  `price` float NOT NULL,
  `date_created` datetime NOT NULL DEFAULT current_timestamp(),
  `date_updated` datetime DEFAULT NULL ON UPDATE current_timestamp()
) ENGINE=InnoDB DEFAULT CHARSET=utf8mb4 COLLATE=utf8mb4_general_ci;

--
-- Đang đổ dữ liệu cho bảng `inventory`
--

INSERT INTO `inventory` (`id`, `product_id`, `quantity`, `price`, `date_created`, `date_updated`) VALUES
(1, 1, 350, 32999100, '2024-01-16 13:24:01', '2024-01-26 20:21:57'),
(2, 2, 20, 69990, '2024-01-16 13:27:26', '2024-01-26 20:22:01'),
(3, 3, 25, 350, '2024-01-16 15:42:20', '2024-01-26 20:22:05'),
(4, 4, 200, 5000000, '2024-01-03 00:25:05', '2024-01-03 00:38:21'),
(5, 8, 100, 27490100, '2024-01-04 21:12:39', NULL),
(6, 9, 99, 21390100, '2024-01-04 21:15:21', NULL),
(7, 10, 185, 15990100, '2024-01-04 21:17:51', NULL),
(8, 11, 455, 10790100, '2024-01-04 21:20:52', NULL),
(9, 12, 455, 33990000, '2024-01-04 21:36:44', NULL),
(10, 13, 140, 22890000, '2024-01-04 21:40:06', NULL),
(11, 14, 365, 12990000, '2024-01-04 21:44:44', NULL),
(12, 15, 45, 5990000, '2024-01-04 21:50:51', NULL),
(13, 16, 450, 1385000, '2024-01-04 21:56:56', NULL),
(14, 17, 98, 89990000, '2024-01-04 22:05:06', NULL),
(15, 18, 74, 65990000, '2024-01-04 22:07:29', NULL),
(16, 19, 350, 62990000, '2024-01-04 22:10:56', NULL),
(17, 21, 123, 47990000, '2024-01-04 22:16:58', '2024-01-04 22:17:27'),
(18, 22, 78, 29990000, '2024-01-04 22:20:27', NULL),
(19, 23, 78, 32290000, '2024-01-04 22:27:55', NULL),
(20, 24, 350, 20990000, '2024-01-04 22:30:58', NULL),
(21, 25, 56, 11499000, '2024-01-04 22:38:13', NULL),
(22, 26, 85, 20590000, '2024-01-04 22:42:16', NULL),
(23, 27, 78, 899000, '2024-01-04 22:47:14', NULL),
(24, 28, 230, 3959000, '2024-01-04 22:49:32', NULL),
(25, 29, 220, 45990000, '2024-01-18 21:18:35', NULL),
(26, 30, 200, 31990000, '2024-02-16 21:34:46', NULL);

-- --------------------------------------------------------

--
-- Cấu trúc bảng cho bảng `orders`
--

CREATE TABLE `orders` (
  `id` int(30) NOT NULL,
  `client_id` int(30) NOT NULL,
  `delivery_address` text NOT NULL,
  `payment_method` varchar(100) NOT NULL,
  `order_type` tinyint(1) NOT NULL COMMENT '1= pickup,2= deliver',
  `amount` double NOT NULL,
  `status` tinyint(2) NOT NULL DEFAULT 0,
  `paid` tinyint(1) NOT NULL DEFAULT 0,
  `date_created` datetime NOT NULL DEFAULT current_timestamp(),
  `date_updated` datetime DEFAULT NULL ON UPDATE current_timestamp()
) ENGINE=InnoDB DEFAULT CHARSET=utf8mb4 COLLATE=utf8mb4_general_ci;

--
-- Đang đổ dữ liệu cho bảng `orders`
--

INSERT INTO `orders` (`id`, `client_id`, `delivery_address`, `payment_method`, `order_type`, `amount`, `status`, `paid`, `date_created`, `date_updated`) VALUES
(9, 2, 'trung na\r\nThanh Xuan', 'cod', 1, 5000000, 3, 1, '2024-01-03 20:44:09', '2024-02-16 14:21:35'),
(10, 2, 'trung na\r\nThanh Xuan', 'cod', 1, 47990000, 1, 0, '2024-01-11 22:00:57', '2024-02-16 21:48:50'),
(11, 2, 'trung na\r\nThanh Xuan', 'cod', 2, 27490100, 2, 0, '2024-01-11 22:01:31', '2024-01-25 19:33:27'),
(12, 2, 'Sóc Sơn', 'cod', 1, 37479000, 3, 1, '2024-01-18 19:53:15', '2024-01-23 19:46:12'),
(15, 4, 'Tân Dân', 'cod', 1, 27489100, 1, 1, '2024-01-23 19:47:39', '2024-01-23 20:11:17'),
(16, 4, 'Tân Dân', 'cod', 1, 34384100, 4, 0, '2024-01-23 20:10:48', '2024-02-16 21:37:37'),
(18, 7, 'Thanh Hóa', 'cod', 1, 29990000, 3, 1, '2024-02-16 20:45:59', '2024-02-16 21:35:50'),
(19, 2, 'Sóc Sơn - Hà Nội\r\n', 'cod', 1, 61980000, 0, 0, '2024-02-16 21:48:23', NULL),
(20, 2, 'Sóc Sơn - Hà Nội\r\n', 'cod', 1, 89990000, 4, 0, '2024-02-16 21:49:12', '2024-02-16 21:49:28');

-- --------------------------------------------------------

--
-- Cấu trúc bảng cho bảng `order_list`
--

CREATE TABLE `order_list` (
  `id` int(30) NOT NULL,
  `order_id` int(30) NOT NULL,
  `product_id` int(30) NOT NULL,
  `quantity` int(30) NOT NULL,
  `price` double NOT NULL,
  `total` double NOT NULL
) ENGINE=InnoDB DEFAULT CHARSET=utf8mb4 COLLATE=utf8mb4_general_ci;

--
-- Đang đổ dữ liệu cho bảng `order_list`
--

INSERT INTO `order_list` (`id`, `order_id`, `product_id`, `quantity`, `price`, `total`) VALUES
(4, 4, 3, 1, 350, 350),
(5, 5, 2, 1, 69990, 69990),
(9, 9, 4, 1, 5000000, 5000000),
(10, 10, 21, 1, 47990000, 47990000),
(11, 11, 8, 1, 27490100, 27490100),
(12, 12, 14, 2, 12990000, 25980000),
(13, 12, 25, 1, 11499000, 11499000),
(14, 15, 10, 1, 15990100, 15990100),
(15, 15, 25, 1, 11499000, 11499000),
(16, 16, 1, 1, 32999100, 32999100),
(17, 16, 16, 1, 1385000, 1385000),
(18, 18, 22, 1, 29990000, 29990000),
(19, 19, 22, 1, 29990000, 29990000),
(20, 19, 30, 1, 31990000, 31990000),
(21, 20, 17, 1, 89990000, 89990000);

-- --------------------------------------------------------

--
-- Cấu trúc bảng cho bảng `products`
--

CREATE TABLE `products` (
  `id` int(30) NOT NULL,
  `brand_id` int(30) NOT NULL,
  `category_id` int(30) NOT NULL,
  `sub_category_id` int(30) NOT NULL,
  `name` varchar(250) NOT NULL,
  `specs` text NOT NULL,
  `status` tinyint(1) NOT NULL DEFAULT 1,
  `date_created` datetime NOT NULL DEFAULT current_timestamp()
) ENGINE=InnoDB DEFAULT CHARSET=utf8mb4 COLLATE=utf8mb4_general_ci;

--
-- Đang đổ dữ liệu cho bảng `products`
--

INSERT INTO `products` (`id`, `brand_id`, `category_id`, `sub_category_id`, `name`, `specs`, `status`, `date_created`) VALUES
(1, 1, 1, 11, 'iPhone 15 Pro Max', '<table class=\\\"st-pd-table\\\" style=\\\"box-sizing: inherit; margin: 0px; padding: 0px; border: 0px; vertical-align: baseline; background-image: initial; background-position: 0px 0px; background-size: initial; background-repeat: initial; background-attachment: initial; background-origin: initial; background-clip: initial; border-spacing: 0px; line-height: 20px; width: 425px; color: rgb(68, 75, 82); font-family: Roboto, sans-serif;\\\"><tbody style=\\\"box-sizing: inherit; margin: 0px; padding: 0px; border: 0px; vertical-align: baseline; background: 0px 0px;\\\"><tr style=\\\"box-sizing: inherit; margin: 0px; padding: 0px; border: 0px; vertical-align: baseline; background: 0px 0px rgb(243, 244, 247);\\\"><td style=\\\"box-sizing: inherit; margin: 0px; padding: 6px 10px; border: 1px solid rgb(222, 226, 230); vertical-align: top; background: 0px 0px; width: 126px;\\\">Màn hình</td><td style=\\\"box-sizing: inherit; margin: 0px; padding: 6px 10px; border: 1px solid rgb(222, 226, 230); vertical-align: top; background: 0px 0px;\\\">6.7 inch, OLED, Super Retina XDR, 2796 x 1290 Pixels</td></tr><tr style=\\\"box-sizing: inherit; margin: 0px; padding: 0px; border: 0px; vertical-align: baseline; background: 0px 0px;\\\"><td style=\\\"box-sizing: inherit; margin: 0px; padding: 6px 10px; border: 1px solid rgb(222, 226, 230); vertical-align: top; background: 0px 0px; width: 126px;\\\">Camera sau</td><td style=\\\"box-sizing: inherit; margin: 0px; padding: 6px 10px; border: 1px solid rgb(222, 226, 230); vertical-align: top; background: 0px 0px;\\\">48.0 MP + 12.0 MP + 12.0 MP</td></tr><tr style=\\\"box-sizing: inherit; margin: 0px; padding: 0px; border: 0px; vertical-align: baseline; background: 0px 0px rgb(243, 244, 247);\\\"><td style=\\\"box-sizing: inherit; margin: 0px; padding: 6px 10px; border: 1px solid rgb(222, 226, 230); vertical-align: top; background: 0px 0px; width: 126px;\\\">Camera Selfie</td><td style=\\\"box-sizing: inherit; margin: 0px; padding: 6px 10px; border: 1px solid rgb(222, 226, 230); vertical-align: top; background: 0px 0px;\\\">12.0 MP</td></tr><tr style=\\\"box-sizing: inherit; margin: 0px; padding: 0px; border: 0px; vertical-align: baseline; background: 0px 0px;\\\"><td style=\\\"box-sizing: inherit; margin: 0px; padding: 6px 10px; border: 1px solid rgb(222, 226, 230); vertical-align: top; background: 0px 0px; width: 126px;\\\">RAM</td><td style=\\\"box-sizing: inherit; margin: 0px; padding: 6px 10px; border: 1px solid rgb(222, 226, 230); vertical-align: top; background: 0px 0px;\\\">8 GB</td></tr><tr style=\\\"box-sizing: inherit; margin: 0px; padding: 0px; border: 0px; vertical-align: baseline; background: 0px 0px rgb(243, 244, 247);\\\"><td style=\\\"box-sizing: inherit; margin: 0px; padding: 6px 10px; border: 1px solid rgb(222, 226, 230); vertical-align: top; background: 0px 0px; width: 126px;\\\">Bộ nhớ trong</td><td style=\\\"box-sizing: inherit; margin: 0px; padding: 6px 10px; border: 1px solid rgb(222, 226, 230); vertical-align: top; background: 0px 0px;\\\">256 GB</td></tr><tr style=\\\"box-sizing: inherit; margin: 0px; padding: 0px; border: 0px; vertical-align: baseline; background: 0px 0px;\\\"><td style=\\\"box-sizing: inherit; margin: 0px; padding: 6px 10px; border: 1px solid rgb(222, 226, 230); vertical-align: top; background: 0px 0px; width: 126px;\\\">CPU</td><td style=\\\"box-sizing: inherit; margin: 0px; padding: 6px 10px; border: 1px solid rgb(222, 226, 230); vertical-align: top; background: 0px 0px;\\\">Apple A17 Pro</td></tr><tr style=\\\"box-sizing: inherit; margin: 0px; padding: 0px; border: 0px; vertical-align: baseline; background: 0px 0px rgb(243, 244, 247);\\\"><td style=\\\"box-sizing: inherit; margin: 0px; padding: 6px 10px; border: 1px solid rgb(222, 226, 230); vertical-align: top; background: 0px 0px; width: 126px;\\\">Dung lượng pin</td><td style=\\\"box-sizing: inherit; margin: 0px; padding: 6px 10px; border: 1px solid rgb(222, 226, 230); vertical-align: top; background: 0px 0px;\\\">29 Giờ</td></tr><tr style=\\\"box-sizing: inherit; margin: 0px; padding: 0px; border: 0px; vertical-align: baseline; background: 0px 0px;\\\"><td style=\\\"box-sizing: inherit; margin: 0px; padding: 6px 10px; border: 1px solid rgb(222, 226, 230); vertical-align: top; background: 0px 0px; width: 126px;\\\">Thẻ sim</td><td style=\\\"box-sizing: inherit; margin: 0px; padding: 6px 10px; border: 1px solid rgb(222, 226, 230); vertical-align: top; background: 0px 0px;\\\">1 - 1 eSIM, 1 Nano SIM</td></tr><tr style=\\\"box-sizing: inherit; margin: 0px; padding: 0px; border: 0px; vertical-align: baseline; background: 0px 0px rgb(243, 244, 247);\\\"><td style=\\\"box-sizing: inherit; margin: 0px; padding: 6px 10px; border: 1px solid rgb(222, 226, 230); vertical-align: top; background: 0px 0px; width: 126px;\\\">Hệ điều hành</td><td style=\\\"box-sizing: inherit; margin: 0px; padding: 6px 10px; border: 1px solid rgb(222, 226, 230); vertical-align: top; background: 0px 0px;\\\">iOS 17</td></tr><tr style=\\\"box-sizing: inherit; margin: 0px; padding: 0px; border: 0px; vertical-align: baseline; background: 0px 0px;\\\"><td style=\\\"box-sizing: inherit; margin: 0px; padding: 6px 10px; border: 1px solid rgb(222, 226, 230); vertical-align: top; background: 0px 0px; width: 126px;\\\">Xuất xứ</td><td style=\\\"box-sizing: inherit; margin: 0px; padding: 6px 10px; border: 1px solid rgb(222, 226, 230); vertical-align: top; background: 0px 0px;\\\">Trung Quốc</td></tr><tr style=\\\"box-sizing: inherit; margin: 0px; padding: 0px; border: 0px; vertical-align: baseline; background: 0px 0px rgb(243, 244, 247);\\\"><td style=\\\"box-sizing: inherit; margin: 0px; padding: 6px 10px; border: 1px solid rgb(222, 226, 230); vertical-align: top; background: 0px 0px; width: 126px;\\\">Thời gian ra mắt</td><td style=\\\"box-sizing: inherit; margin: 0px; padding: 6px 10px; border: 1px solid rgb(222, 226, 230); vertical-align: top; background: 0px 0px;\\\">09/2023</td></tr></tbody></table>', 1, '2024-01-04 21:06:19'),
(8, 1, 1, 11, 'iPhone 14 Pro Max', '<table class=\\\"st-pd-table\\\" style=\\\"box-sizing: inherit; margin: 0px; padding: 0px; border: 0px; vertical-align: baseline; background-image: initial; background-position: 0px 0px; background-size: initial; background-repeat: initial; background-attachment: initial; background-origin: initial; background-clip: initial; border-spacing: 0px; line-height: 20px; width: 425px; color: rgb(68, 75, 82); font-family: Roboto, sans-serif;\\\"><tbody style=\\\"box-sizing: inherit; margin: 0px; padding: 0px; border: 0px; vertical-align: baseline; background: 0px 0px;\\\"><tr style=\\\"box-sizing: inherit; margin: 0px; padding: 0px; border: 0px; vertical-align: baseline; background: 0px 0px rgb(243, 244, 247);\\\"><td style=\\\"box-sizing: inherit; margin: 0px; padding: 6px 10px; border: 1px solid rgb(222, 226, 230); vertical-align: top; background: 0px 0px; width: 126px;\\\">Màn hình</td><td style=\\\"box-sizing: inherit; margin: 0px; padding: 6px 10px; border: 1px solid rgb(222, 226, 230); vertical-align: top; background: 0px 0px;\\\">6.7 inch, OLED, Super Retina XDR, 2796 x 1290 Pixels</td></tr><tr style=\\\"box-sizing: inherit; margin: 0px; padding: 0px; border: 0px; vertical-align: baseline; background: 0px 0px;\\\"><td style=\\\"box-sizing: inherit; margin: 0px; padding: 6px 10px; border: 1px solid rgb(222, 226, 230); vertical-align: top; background: 0px 0px; width: 126px;\\\">Camera sau</td><td style=\\\"box-sizing: inherit; margin: 0px; padding: 6px 10px; border: 1px solid rgb(222, 226, 230); vertical-align: top; background: 0px 0px;\\\">48.0 MP + 12.0 MP + 12.0 MP</td></tr><tr style=\\\"box-sizing: inherit; margin: 0px; padding: 0px; border: 0px; vertical-align: baseline; background: 0px 0px rgb(243, 244, 247);\\\"><td style=\\\"box-sizing: inherit; margin: 0px; padding: 6px 10px; border: 1px solid rgb(222, 226, 230); vertical-align: top; background: 0px 0px; width: 126px;\\\">Camera Selfie</td><td style=\\\"box-sizing: inherit; margin: 0px; padding: 6px 10px; border: 1px solid rgb(222, 226, 230); vertical-align: top; background: 0px 0px;\\\">12.0 MP</td></tr><tr style=\\\"box-sizing: inherit; margin: 0px; padding: 0px; border: 0px; vertical-align: baseline; background: 0px 0px;\\\"><td style=\\\"box-sizing: inherit; margin: 0px; padding: 6px 10px; border: 1px solid rgb(222, 226, 230); vertical-align: top; background: 0px 0px; width: 126px;\\\">RAM</td><td style=\\\"box-sizing: inherit; margin: 0px; padding: 6px 10px; border: 1px solid rgb(222, 226, 230); vertical-align: top; background: 0px 0px;\\\">6 GB</td></tr><tr style=\\\"box-sizing: inherit; margin: 0px; padding: 0px; border: 0px; vertical-align: baseline; background: 0px 0px rgb(243, 244, 247);\\\"><td style=\\\"box-sizing: inherit; margin: 0px; padding: 6px 10px; border: 1px solid rgb(222, 226, 230); vertical-align: top; background: 0px 0px; width: 126px;\\\">Bộ nhớ trong</td><td style=\\\"box-sizing: inherit; margin: 0px; padding: 6px 10px; border: 1px solid rgb(222, 226, 230); vertical-align: top; background: 0px 0px;\\\">128 GB</td></tr><tr style=\\\"box-sizing: inherit; margin: 0px; padding: 0px; border: 0px; vertical-align: baseline; background: 0px 0px;\\\"><td style=\\\"box-sizing: inherit; margin: 0px; padding: 6px 10px; border: 1px solid rgb(222, 226, 230); vertical-align: top; background: 0px 0px; width: 126px;\\\">CPU</td><td style=\\\"box-sizing: inherit; margin: 0px; padding: 6px 10px; border: 1px solid rgb(222, 226, 230); vertical-align: top; background: 0px 0px;\\\">Apple A16 Bionic</td></tr><tr style=\\\"box-sizing: inherit; margin: 0px; padding: 0px; border: 0px; vertical-align: baseline; background: 0px 0px rgb(243, 244, 247);\\\"><td style=\\\"box-sizing: inherit; margin: 0px; padding: 6px 10px; border: 1px solid rgb(222, 226, 230); vertical-align: top; background: 0px 0px; width: 126px;\\\">GPU</td><td style=\\\"box-sizing: inherit; margin: 0px; padding: 6px 10px; border: 1px solid rgb(222, 226, 230); vertical-align: top; background: 0px 0px;\\\">Apple GPU 5 nhân</td></tr><tr style=\\\"box-sizing: inherit; margin: 0px; padding: 0px; border: 0px; vertical-align: baseline; background: 0px 0px;\\\"><td style=\\\"box-sizing: inherit; margin: 0px; padding: 6px 10px; border: 1px solid rgb(222, 226, 230); vertical-align: top; background: 0px 0px; width: 126px;\\\">Dung lượng pin</td><td style=\\\"box-sizing: inherit; margin: 0px; padding: 6px 10px; border: 1px solid rgb(222, 226, 230); vertical-align: top; background: 0px 0px;\\\">4323 mAh</td></tr><tr style=\\\"box-sizing: inherit; margin: 0px; padding: 0px; border: 0px; vertical-align: baseline; background: 0px 0px rgb(243, 244, 247);\\\"><td style=\\\"box-sizing: inherit; margin: 0px; padding: 6px 10px; border: 1px solid rgb(222, 226, 230); vertical-align: top; background: 0px 0px; width: 126px;\\\">Thẻ sim</td><td style=\\\"box-sizing: inherit; margin: 0px; padding: 6px 10px; border: 1px solid rgb(222, 226, 230); vertical-align: top; background: 0px 0px;\\\">1 - 1 eSIM, 1 Nano SIM</td></tr><tr style=\\\"box-sizing: inherit; margin: 0px; padding: 0px; border: 0px; vertical-align: baseline; background: 0px 0px;\\\"><td style=\\\"box-sizing: inherit; margin: 0px; padding: 6px 10px; border: 1px solid rgb(222, 226, 230); vertical-align: top; background: 0px 0px; width: 126px;\\\">Hệ điều hành</td><td style=\\\"box-sizing: inherit; margin: 0px; padding: 6px 10px; border: 1px solid rgb(222, 226, 230); vertical-align: top; background: 0px 0px;\\\">iOS 16</td></tr><tr style=\\\"box-sizing: inherit; margin: 0px; padding: 0px; border: 0px; vertical-align: baseline; background: 0px 0px rgb(243, 244, 247);\\\"><td style=\\\"box-sizing: inherit; margin: 0px; padding: 6px 10px; border: 1px solid rgb(222, 226, 230); vertical-align: top; background: 0px 0px; width: 126px;\\\">Xuất xứ</td><td style=\\\"box-sizing: inherit; margin: 0px; padding: 6px 10px; border: 1px solid rgb(222, 226, 230); vertical-align: top; background: 0px 0px;\\\">Trung Quốc</td></tr><tr style=\\\"box-sizing: inherit; margin: 0px; padding: 0px; border: 0px; vertical-align: baseline; background: 0px 0px;\\\"><td style=\\\"box-sizing: inherit; margin: 0px; padding: 6px 10px; border: 1px solid rgb(222, 226, 230); vertical-align: top; background: 0px 0px; width: 126px;\\\">Thời gian ra mắt</td><td style=\\\"box-sizing: inherit; margin: 0px; padding: 6px 10px; border: 1px solid rgb(222, 226, 230); vertical-align: top; background: 0px 0px;\\\">09/2022</td></tr></tbody></table>', 1, '2024-01-04 21:11:19'),
(9, 1, 1, 11, 'iPhone 14 Plus', '<table class=\\\"st-pd-table\\\" style=\\\"box-sizing: inherit; margin: 0px; padding: 0px; border: 0px; vertical-align: baseline; background-image: initial; background-position: 0px 0px; background-size: initial; background-repeat: initial; background-attachment: initial; background-origin: initial; background-clip: initial; border-spacing: 0px; line-height: 20px; width: 425px; color: rgb(68, 75, 82); font-family: Roboto, sans-serif;\\\"><tbody style=\\\"box-sizing: inherit; margin: 0px; padding: 0px; border: 0px; vertical-align: baseline; background: 0px 0px;\\\"><tr style=\\\"box-sizing: inherit; margin: 0px; padding: 0px; border: 0px; vertical-align: baseline; background: 0px 0px rgb(243, 244, 247);\\\"><td style=\\\"box-sizing: inherit; margin: 0px; padding: 6px 10px; border: 1px solid rgb(222, 226, 230); vertical-align: top; background: 0px 0px; width: 126px;\\\">Màn hình</td><td style=\\\"box-sizing: inherit; margin: 0px; padding: 6px 10px; border: 1px solid rgb(222, 226, 230); vertical-align: top; background: 0px 0px;\\\">6.7 inch, AMOLED, Super Retina XDR, 2778 x 1284 Pixels</td></tr><tr style=\\\"box-sizing: inherit; margin: 0px; padding: 0px; border: 0px; vertical-align: baseline; background: 0px 0px;\\\"><td style=\\\"box-sizing: inherit; margin: 0px; padding: 6px 10px; border: 1px solid rgb(222, 226, 230); vertical-align: top; background: 0px 0px; width: 126px;\\\">Camera sau</td><td style=\\\"box-sizing: inherit; margin: 0px; padding: 6px 10px; border: 1px solid rgb(222, 226, 230); vertical-align: top; background: 0px 0px;\\\">12.0 MP + 12.0 MP</td></tr><tr style=\\\"box-sizing: inherit; margin: 0px; padding: 0px; border: 0px; vertical-align: baseline; background: 0px 0px rgb(243, 244, 247);\\\"><td style=\\\"box-sizing: inherit; margin: 0px; padding: 6px 10px; border: 1px solid rgb(222, 226, 230); vertical-align: top; background: 0px 0px; width: 126px;\\\">Camera Selfie</td><td style=\\\"box-sizing: inherit; margin: 0px; padding: 6px 10px; border: 1px solid rgb(222, 226, 230); vertical-align: top; background: 0px 0px;\\\">12.0 MP</td></tr><tr style=\\\"box-sizing: inherit; margin: 0px; padding: 0px; border: 0px; vertical-align: baseline; background: 0px 0px;\\\"><td style=\\\"box-sizing: inherit; margin: 0px; padding: 6px 10px; border: 1px solid rgb(222, 226, 230); vertical-align: top; background: 0px 0px; width: 126px;\\\">RAM</td><td style=\\\"box-sizing: inherit; margin: 0px; padding: 6px 10px; border: 1px solid rgb(222, 226, 230); vertical-align: top; background: 0px 0px;\\\">6 GB</td></tr><tr style=\\\"box-sizing: inherit; margin: 0px; padding: 0px; border: 0px; vertical-align: baseline; background: 0px 0px rgb(243, 244, 247);\\\"><td style=\\\"box-sizing: inherit; margin: 0px; padding: 6px 10px; border: 1px solid rgb(222, 226, 230); vertical-align: top; background: 0px 0px; width: 126px;\\\">Bộ nhớ trong</td><td style=\\\"box-sizing: inherit; margin: 0px; padding: 6px 10px; border: 1px solid rgb(222, 226, 230); vertical-align: top; background: 0px 0px;\\\">128 GB</td></tr><tr style=\\\"box-sizing: inherit; margin: 0px; padding: 0px; border: 0px; vertical-align: baseline; background: 0px 0px;\\\"><td style=\\\"box-sizing: inherit; margin: 0px; padding: 6px 10px; border: 1px solid rgb(222, 226, 230); vertical-align: top; background: 0px 0px; width: 126px;\\\">CPU</td><td style=\\\"box-sizing: inherit; margin: 0px; padding: 6px 10px; border: 1px solid rgb(222, 226, 230); vertical-align: top; background: 0px 0px;\\\">Apple A15 Bionic</td></tr><tr style=\\\"box-sizing: inherit; margin: 0px; padding: 0px; border: 0px; vertical-align: baseline; background: 0px 0px rgb(243, 244, 247);\\\"><td style=\\\"box-sizing: inherit; margin: 0px; padding: 6px 10px; border: 1px solid rgb(222, 226, 230); vertical-align: top; background: 0px 0px; width: 126px;\\\">GPU</td><td style=\\\"box-sizing: inherit; margin: 0px; padding: 6px 10px; border: 1px solid rgb(222, 226, 230); vertical-align: top; background: 0px 0px;\\\">Apple GPU 5 nhân</td></tr><tr style=\\\"box-sizing: inherit; margin: 0px; padding: 0px; border: 0px; vertical-align: baseline; background: 0px 0px;\\\"><td style=\\\"box-sizing: inherit; margin: 0px; padding: 6px 10px; border: 1px solid rgb(222, 226, 230); vertical-align: top; background: 0px 0px; width: 126px;\\\">Dung lượng pin</td><td style=\\\"box-sizing: inherit; margin: 0px; padding: 6px 10px; border: 1px solid rgb(222, 226, 230); vertical-align: top; background: 0px 0px;\\\">4325 mAh</td></tr><tr style=\\\"box-sizing: inherit; margin: 0px; padding: 0px; border: 0px; vertical-align: baseline; background: 0px 0px rgb(243, 244, 247);\\\"><td style=\\\"box-sizing: inherit; margin: 0px; padding: 6px 10px; border: 1px solid rgb(222, 226, 230); vertical-align: top; background: 0px 0px; width: 126px;\\\">Thẻ sim</td><td style=\\\"box-sizing: inherit; margin: 0px; padding: 6px 10px; border: 1px solid rgb(222, 226, 230); vertical-align: top; background: 0px 0px;\\\">1 - 1 eSIM, 1 Nano SIM</td></tr><tr style=\\\"box-sizing: inherit; margin: 0px; padding: 0px; border: 0px; vertical-align: baseline; background: 0px 0px;\\\"><td style=\\\"box-sizing: inherit; margin: 0px; padding: 6px 10px; border: 1px solid rgb(222, 226, 230); vertical-align: top; background: 0px 0px; width: 126px;\\\">Hệ điều hành</td><td style=\\\"box-sizing: inherit; margin: 0px; padding: 6px 10px; border: 1px solid rgb(222, 226, 230); vertical-align: top; background: 0px 0px;\\\">iOS 16</td></tr><tr style=\\\"box-sizing: inherit; margin: 0px; padding: 0px; border: 0px; vertical-align: baseline; background: 0px 0px rgb(243, 244, 247);\\\"><td style=\\\"box-sizing: inherit; margin: 0px; padding: 6px 10px; border: 1px solid rgb(222, 226, 230); vertical-align: top; background: 0px 0px; width: 126px;\\\">Xuất xứ</td><td style=\\\"box-sizing: inherit; margin: 0px; padding: 6px 10px; border: 1px solid rgb(222, 226, 230); vertical-align: top; background: 0px 0px;\\\">Trung Quốc</td></tr><tr style=\\\"box-sizing: inherit; margin: 0px; padding: 0px; border: 0px; vertical-align: baseline; background: 0px 0px;\\\"><td style=\\\"box-sizing: inherit; margin: 0px; padding: 6px 10px; border: 1px solid rgb(222, 226, 230); vertical-align: top; background: 0px 0px; width: 126px;\\\">Thời gian ra mắt</td><td style=\\\"box-sizing: inherit; margin: 0px; padding: 6px 10px; border: 1px solid rgb(222, 226, 230); vertical-align: top; background: 0px 0px;\\\">09/2022</td></tr></tbody></table>', 1, '2024-01-04 21:15:05'),
(10, 1, 1, 11, 'iPhone 13', '<table class=\\\"st-pd-table\\\" style=\\\"box-sizing: inherit; margin: 0px; padding: 0px; border: 0px; vertical-align: baseline; background-image: initial; background-position: 0px 0px; background-size: initial; background-repeat: initial; background-attachment: initial; background-origin: initial; background-clip: initial; border-spacing: 0px; line-height: 20px; width: 425px; color: rgb(68, 75, 82); font-family: Roboto, sans-serif;\\\"><tbody style=\\\"box-sizing: inherit; margin: 0px; padding: 0px; border: 0px; vertical-align: baseline; background: 0px 0px;\\\"><tr style=\\\"box-sizing: inherit; margin: 0px; padding: 0px; border: 0px; vertical-align: baseline; background: 0px 0px rgb(243, 244, 247);\\\"><td style=\\\"box-sizing: inherit; margin: 0px; padding: 6px 10px; border: 1px solid rgb(222, 226, 230); vertical-align: top; background: 0px 0px; width: 126px;\\\">Màn hình</td><td style=\\\"box-sizing: inherit; margin: 0px; padding: 6px 10px; border: 1px solid rgb(222, 226, 230); vertical-align: top; background: 0px 0px;\\\">6.1 inch, OLED, Super Retina XDR, 2532 x 1170 Pixels</td></tr><tr style=\\\"box-sizing: inherit; margin: 0px; padding: 0px; border: 0px; vertical-align: baseline; background: 0px 0px;\\\"><td style=\\\"box-sizing: inherit; margin: 0px; padding: 6px 10px; border: 1px solid rgb(222, 226, 230); vertical-align: top; background: 0px 0px; width: 126px;\\\">Camera sau</td><td style=\\\"box-sizing: inherit; margin: 0px; padding: 6px 10px; border: 1px solid rgb(222, 226, 230); vertical-align: top; background: 0px 0px;\\\">12.0 MP + 12.0 MP</td></tr><tr style=\\\"box-sizing: inherit; margin: 0px; padding: 0px; border: 0px; vertical-align: baseline; background: 0px 0px rgb(243, 244, 247);\\\"><td style=\\\"box-sizing: inherit; margin: 0px; padding: 6px 10px; border: 1px solid rgb(222, 226, 230); vertical-align: top; background: 0px 0px; width: 126px;\\\">Camera Selfie</td><td style=\\\"box-sizing: inherit; margin: 0px; padding: 6px 10px; border: 1px solid rgb(222, 226, 230); vertical-align: top; background: 0px 0px;\\\">12.0 MP</td></tr><tr style=\\\"box-sizing: inherit; margin: 0px; padding: 0px; border: 0px; vertical-align: baseline; background: 0px 0px;\\\"><td style=\\\"box-sizing: inherit; margin: 0px; padding: 6px 10px; border: 1px solid rgb(222, 226, 230); vertical-align: top; background: 0px 0px; width: 126px;\\\">RAM</td><td style=\\\"box-sizing: inherit; margin: 0px; padding: 6px 10px; border: 1px solid rgb(222, 226, 230); vertical-align: top; background: 0px 0px;\\\">4 GB</td></tr><tr style=\\\"box-sizing: inherit; margin: 0px; padding: 0px; border: 0px; vertical-align: baseline; background: 0px 0px rgb(243, 244, 247);\\\"><td style=\\\"box-sizing: inherit; margin: 0px; padding: 6px 10px; border: 1px solid rgb(222, 226, 230); vertical-align: top; background: 0px 0px; width: 126px;\\\">Bộ nhớ trong</td><td style=\\\"box-sizing: inherit; margin: 0px; padding: 6px 10px; border: 1px solid rgb(222, 226, 230); vertical-align: top; background: 0px 0px;\\\">128 GB</td></tr><tr style=\\\"box-sizing: inherit; margin: 0px; padding: 0px; border: 0px; vertical-align: baseline; background: 0px 0px;\\\"><td style=\\\"box-sizing: inherit; margin: 0px; padding: 6px 10px; border: 1px solid rgb(222, 226, 230); vertical-align: top; background: 0px 0px; width: 126px;\\\">CPU</td><td style=\\\"box-sizing: inherit; margin: 0px; padding: 6px 10px; border: 1px solid rgb(222, 226, 230); vertical-align: top; background: 0px 0px;\\\">Apple A15 Bionic</td></tr><tr style=\\\"box-sizing: inherit; margin: 0px; padding: 0px; border: 0px; vertical-align: baseline; background: 0px 0px rgb(243, 244, 247);\\\"><td style=\\\"box-sizing: inherit; margin: 0px; padding: 6px 10px; border: 1px solid rgb(222, 226, 230); vertical-align: top; background: 0px 0px; width: 126px;\\\">GPU</td><td style=\\\"box-sizing: inherit; margin: 0px; padding: 6px 10px; border: 1px solid rgb(222, 226, 230); vertical-align: top; background: 0px 0px;\\\">Apple GPU 5 nhân</td></tr><tr style=\\\"box-sizing: inherit; margin: 0px; padding: 0px; border: 0px; vertical-align: baseline; background: 0px 0px;\\\"><td style=\\\"box-sizing: inherit; margin: 0px; padding: 6px 10px; border: 1px solid rgb(222, 226, 230); vertical-align: top; background: 0px 0px; width: 126px;\\\">Dung lượng pin</td><td style=\\\"box-sizing: inherit; margin: 0px; padding: 6px 10px; border: 1px solid rgb(222, 226, 230); vertical-align: top; background: 0px 0px;\\\">3225 mAh</td></tr><tr style=\\\"box-sizing: inherit; margin: 0px; padding: 0px; border: 0px; vertical-align: baseline; background: 0px 0px rgb(243, 244, 247);\\\"><td style=\\\"box-sizing: inherit; margin: 0px; padding: 6px 10px; border: 1px solid rgb(222, 226, 230); vertical-align: top; background: 0px 0px; width: 126px;\\\">Thẻ sim</td><td style=\\\"box-sizing: inherit; margin: 0px; padding: 6px 10px; border: 1px solid rgb(222, 226, 230); vertical-align: top; background: 0px 0px;\\\">1 - 1 eSIM, 1 Nano SIM</td></tr><tr style=\\\"box-sizing: inherit; margin: 0px; padding: 0px; border: 0px; vertical-align: baseline; background: 0px 0px;\\\"><td style=\\\"box-sizing: inherit; margin: 0px; padding: 6px 10px; border: 1px solid rgb(222, 226, 230); vertical-align: top; background: 0px 0px; width: 126px;\\\">Hệ điều hành</td><td style=\\\"box-sizing: inherit; margin: 0px; padding: 6px 10px; border: 1px solid rgb(222, 226, 230); vertical-align: top; background: 0px 0px;\\\">iOS 15</td></tr><tr style=\\\"box-sizing: inherit; margin: 0px; padding: 0px; border: 0px; vertical-align: baseline; background: 0px 0px rgb(243, 244, 247);\\\"><td style=\\\"box-sizing: inherit; margin: 0px; padding: 6px 10px; border: 1px solid rgb(222, 226, 230); vertical-align: top; background: 0px 0px; width: 126px;\\\">Xuất xứ</td><td style=\\\"box-sizing: inherit; margin: 0px; padding: 6px 10px; border: 1px solid rgb(222, 226, 230); vertical-align: top; background: 0px 0px;\\\">Trung Quốc</td></tr><tr style=\\\"box-sizing: inherit; margin: 0px; padding: 0px; border: 0px; vertical-align: baseline; background: 0px 0px;\\\"><td style=\\\"box-sizing: inherit; margin: 0px; padding: 6px 10px; border: 1px solid rgb(222, 226, 230); vertical-align: top; background: 0px 0px; width: 126px;\\\">Thời gian ra mắt</td><td style=\\\"box-sizing: inherit; margin: 0px; padding: 6px 10px; border: 1px solid rgb(222, 226, 230); vertical-align: top; background: 0px 0px;\\\">2022</td></tr></tbody></table>', 1, '2024-01-04 21:17:35'),
(11, 1, 1, 11, 'iPhone 11 64GB', '<table class=\\\"st-pd-table\\\" style=\\\"box-sizing: inherit; margin: 0px; padding: 0px; border: 0px; vertical-align: baseline; background-image: initial; background-position: 0px 0px; background-size: initial; background-repeat: initial; background-attachment: initial; background-origin: initial; background-clip: initial; border-spacing: 0px; line-height: 20px; width: 425px; color: rgb(68, 75, 82); font-family: Roboto, sans-serif;\\\"><tbody style=\\\"box-sizing: inherit; margin: 0px; padding: 0px; border: 0px; vertical-align: baseline; background: 0px 0px;\\\"><tr style=\\\"box-sizing: inherit; margin: 0px; padding: 0px; border: 0px; vertical-align: baseline; background: 0px 0px rgb(243, 244, 247);\\\"><td style=\\\"box-sizing: inherit; margin: 0px; padding: 6px 10px; border: 1px solid rgb(222, 226, 230); vertical-align: top; background: 0px 0px; width: 126px;\\\">Màn hình</td><td style=\\\"box-sizing: inherit; margin: 0px; padding: 6px 10px; border: 1px solid rgb(222, 226, 230); vertical-align: top; background: 0px 0px;\\\">6.1 inch, IPS LCD, Liquid Retina HD, 828 x 1792 Pixels</td></tr><tr style=\\\"box-sizing: inherit; margin: 0px; padding: 0px; border: 0px; vertical-align: baseline; background: 0px 0px;\\\"><td style=\\\"box-sizing: inherit; margin: 0px; padding: 6px 10px; border: 1px solid rgb(222, 226, 230); vertical-align: top; background: 0px 0px; width: 126px;\\\">Camera sau</td><td style=\\\"box-sizing: inherit; margin: 0px; padding: 6px 10px; border: 1px solid rgb(222, 226, 230); vertical-align: top; background: 0px 0px;\\\">12.0 MP + 12.0 MP</td></tr><tr style=\\\"box-sizing: inherit; margin: 0px; padding: 0px; border: 0px; vertical-align: baseline; background: 0px 0px rgb(243, 244, 247);\\\"><td style=\\\"box-sizing: inherit; margin: 0px; padding: 6px 10px; border: 1px solid rgb(222, 226, 230); vertical-align: top; background: 0px 0px; width: 126px;\\\">Camera Selfie</td><td style=\\\"box-sizing: inherit; margin: 0px; padding: 6px 10px; border: 1px solid rgb(222, 226, 230); vertical-align: top; background: 0px 0px;\\\">12.0 MP</td></tr><tr style=\\\"box-sizing: inherit; margin: 0px; padding: 0px; border: 0px; vertical-align: baseline; background: 0px 0px;\\\"><td style=\\\"box-sizing: inherit; margin: 0px; padding: 6px 10px; border: 1px solid rgb(222, 226, 230); vertical-align: top; background: 0px 0px; width: 126px;\\\">RAM</td><td style=\\\"box-sizing: inherit; margin: 0px; padding: 6px 10px; border: 1px solid rgb(222, 226, 230); vertical-align: top; background: 0px 0px;\\\">4 GB</td></tr><tr style=\\\"box-sizing: inherit; margin: 0px; padding: 0px; border: 0px; vertical-align: baseline; background: 0px 0px rgb(243, 244, 247);\\\"><td style=\\\"box-sizing: inherit; margin: 0px; padding: 6px 10px; border: 1px solid rgb(222, 226, 230); vertical-align: top; background: 0px 0px; width: 126px;\\\">Bộ nhớ trong</td><td style=\\\"box-sizing: inherit; margin: 0px; padding: 6px 10px; border: 1px solid rgb(222, 226, 230); vertical-align: top; background: 0px 0px;\\\">64 GB</td></tr><tr style=\\\"box-sizing: inherit; margin: 0px; padding: 0px; border: 0px; vertical-align: baseline; background: 0px 0px;\\\"><td style=\\\"box-sizing: inherit; margin: 0px; padding: 6px 10px; border: 1px solid rgb(222, 226, 230); vertical-align: top; background: 0px 0px; width: 126px;\\\">CPU</td><td style=\\\"box-sizing: inherit; margin: 0px; padding: 6px 10px; border: 1px solid rgb(222, 226, 230); vertical-align: top; background: 0px 0px;\\\">Apple A13 Bionic</td></tr><tr style=\\\"box-sizing: inherit; margin: 0px; padding: 0px; border: 0px; vertical-align: baseline; background: 0px 0px rgb(243, 244, 247);\\\"><td style=\\\"box-sizing: inherit; margin: 0px; padding: 6px 10px; border: 1px solid rgb(222, 226, 230); vertical-align: top; background: 0px 0px; width: 126px;\\\">GPU</td><td style=\\\"box-sizing: inherit; margin: 0px; padding: 6px 10px; border: 1px solid rgb(222, 226, 230); vertical-align: top; background: 0px 0px;\\\">Apple GPU 4 nhân</td></tr><tr style=\\\"box-sizing: inherit; margin: 0px; padding: 0px; border: 0px; vertical-align: baseline; background: 0px 0px;\\\"><td style=\\\"box-sizing: inherit; margin: 0px; padding: 6px 10px; border: 1px solid rgb(222, 226, 230); vertical-align: top; background: 0px 0px; width: 126px;\\\">Dung lượng pin</td><td style=\\\"box-sizing: inherit; margin: 0px; padding: 6px 10px; border: 1px solid rgb(222, 226, 230); vertical-align: top; background: 0px 0px;\\\">3110 mAh</td></tr><tr style=\\\"box-sizing: inherit; margin: 0px; padding: 0px; border: 0px; vertical-align: baseline; background: 0px 0px rgb(243, 244, 247);\\\"><td style=\\\"box-sizing: inherit; margin: 0px; padding: 6px 10px; border: 1px solid rgb(222, 226, 230); vertical-align: top; background: 0px 0px; width: 126px;\\\">Thẻ sim</td><td style=\\\"box-sizing: inherit; margin: 0px; padding: 6px 10px; border: 1px solid rgb(222, 226, 230); vertical-align: top; background: 0px 0px;\\\">1 - 1 eSIM, 1 Nano SIM</td></tr><tr style=\\\"box-sizing: inherit; margin: 0px; padding: 0px; border: 0px; vertical-align: baseline; background: 0px 0px;\\\"><td style=\\\"box-sizing: inherit; margin: 0px; padding: 6px 10px; border: 1px solid rgb(222, 226, 230); vertical-align: top; background: 0px 0px; width: 126px;\\\">Hệ điều hành</td><td style=\\\"box-sizing: inherit; margin: 0px; padding: 6px 10px; border: 1px solid rgb(222, 226, 230); vertical-align: top; background: 0px 0px;\\\">iOS 14</td></tr><tr style=\\\"box-sizing: inherit; margin: 0px; padding: 0px; border: 0px; vertical-align: baseline; background: 0px 0px rgb(243, 244, 247);\\\"><td style=\\\"box-sizing: inherit; margin: 0px; padding: 6px 10px; border: 1px solid rgb(222, 226, 230); vertical-align: top; background: 0px 0px; width: 126px;\\\">Xuất xứ</td><td style=\\\"box-sizing: inherit; margin: 0px; padding: 6px 10px; border: 1px solid rgb(222, 226, 230); vertical-align: top; background: 0px 0px;\\\">Trung Quốc</td></tr><tr style=\\\"box-sizing: inherit; margin: 0px; padding: 0px; border: 0px; vertical-align: baseline; background: 0px 0px;\\\"><td style=\\\"box-sizing: inherit; margin: 0px; padding: 6px 10px; border: 1px solid rgb(222, 226, 230); vertical-align: top; background: 0px 0px; width: 126px;\\\">Thời gian ra mắt</td><td style=\\\"box-sizing: inherit; margin: 0px; padding: 6px 10px; border: 1px solid rgb(222, 226, 230); vertical-align: top; background: 0px 0px;\\\">09/2019</td></tr></tbody></table>', 1, '2024-01-04 21:20:37'),
(12, 3, 1, 5, 'Samsung Galaxy Z Fold5 5G 256GB', '<table class=\\\"st-pd-table\\\" style=\\\"box-sizing: inherit; margin: 0px; padding: 0px; border: 0px; vertical-align: baseline; background-image: initial; background-position: 0px 0px; background-size: initial; background-repeat: initial; background-attachment: initial; background-origin: initial; background-clip: initial; border-spacing: 0px; line-height: 20px; width: 425px; color: rgb(68, 75, 82); font-family: Roboto, sans-serif;\\\"><tbody style=\\\"box-sizing: inherit; margin: 0px; padding: 0px; border: 0px; vertical-align: baseline; background: 0px 0px;\\\"><tr style=\\\"box-sizing: inherit; margin: 0px; padding: 0px; border: 0px; vertical-align: baseline; background: 0px 0px rgb(243, 244, 247);\\\"><td style=\\\"box-sizing: inherit; margin: 0px; padding: 6px 10px; border: 1px solid rgb(222, 226, 230); vertical-align: top; background: 0px 0px; width: 126px;\\\">Màn hình</td><td style=\\\"box-sizing: inherit; margin: 0px; padding: 6px 10px; border: 1px solid rgb(222, 226, 230); vertical-align: top; background: 0px 0px;\\\">7.6 inch, 6.2 inch, Chính: Dynamic AMOLED 2X, QXGA, 2176 x 1812 pixels</td></tr><tr style=\\\"box-sizing: inherit; margin: 0px; padding: 0px; border: 0px; vertical-align: baseline; background: 0px 0px;\\\"><td style=\\\"box-sizing: inherit; margin: 0px; padding: 6px 10px; border: 1px solid rgb(222, 226, 230); vertical-align: top; background: 0px 0px; width: 126px;\\\">Camera sau</td><td style=\\\"box-sizing: inherit; margin: 0px; padding: 6px 10px; border: 1px solid rgb(222, 226, 230); vertical-align: top; background: 0px 0px;\\\">50 MP + 12.0 MP + 10.0 MP</td></tr><tr style=\\\"box-sizing: inherit; margin: 0px; padding: 0px; border: 0px; vertical-align: baseline; background: 0px 0px rgb(243, 244, 247);\\\"><td style=\\\"box-sizing: inherit; margin: 0px; padding: 6px 10px; border: 1px solid rgb(222, 226, 230); vertical-align: top; background: 0px 0px; width: 126px;\\\">Camera Selfie</td><td style=\\\"box-sizing: inherit; margin: 0px; padding: 6px 10px; border: 1px solid rgb(222, 226, 230); vertical-align: top; background: 0px 0px;\\\">10.0 MP + 4.0 MP</td></tr><tr style=\\\"box-sizing: inherit; margin: 0px; padding: 0px; border: 0px; vertical-align: baseline; background: 0px 0px;\\\"><td style=\\\"box-sizing: inherit; margin: 0px; padding: 6px 10px; border: 1px solid rgb(222, 226, 230); vertical-align: top; background: 0px 0px; width: 126px;\\\">RAM</td><td style=\\\"box-sizing: inherit; margin: 0px; padding: 6px 10px; border: 1px solid rgb(222, 226, 230); vertical-align: top; background: 0px 0px;\\\">12 GB</td></tr><tr style=\\\"box-sizing: inherit; margin: 0px; padding: 0px; border: 0px; vertical-align: baseline; background: 0px 0px rgb(243, 244, 247);\\\"><td style=\\\"box-sizing: inherit; margin: 0px; padding: 6px 10px; border: 1px solid rgb(222, 226, 230); vertical-align: top; background: 0px 0px; width: 126px;\\\">Bộ nhớ trong</td><td style=\\\"box-sizing: inherit; margin: 0px; padding: 6px 10px; border: 1px solid rgb(222, 226, 230); vertical-align: top; background: 0px 0px;\\\">256 GB</td></tr><tr style=\\\"box-sizing: inherit; margin: 0px; padding: 0px; border: 0px; vertical-align: baseline; background: 0px 0px;\\\"><td style=\\\"box-sizing: inherit; margin: 0px; padding: 6px 10px; border: 1px solid rgb(222, 226, 230); vertical-align: top; background: 0px 0px; width: 126px;\\\">CPU</td><td style=\\\"box-sizing: inherit; margin: 0px; padding: 6px 10px; border: 1px solid rgb(222, 226, 230); vertical-align: top; background: 0px 0px;\\\">Snapdragon 8 Gen 2</td></tr><tr style=\\\"box-sizing: inherit; margin: 0px; padding: 0px; border: 0px; vertical-align: baseline; background: 0px 0px rgb(243, 244, 247);\\\"><td style=\\\"box-sizing: inherit; margin: 0px; padding: 6px 10px; border: 1px solid rgb(222, 226, 230); vertical-align: top; background: 0px 0px; width: 126px;\\\">GPU</td><td style=\\\"box-sizing: inherit; margin: 0px; padding: 6px 10px; border: 1px solid rgb(222, 226, 230); vertical-align: top; background: 0px 0px;\\\">Adreno 740</td></tr><tr style=\\\"box-sizing: inherit; margin: 0px; padding: 0px; border: 0px; vertical-align: baseline; background: 0px 0px;\\\"><td style=\\\"box-sizing: inherit; margin: 0px; padding: 6px 10px; border: 1px solid rgb(222, 226, 230); vertical-align: top; background: 0px 0px; width: 126px;\\\">Dung lượng pin</td><td style=\\\"box-sizing: inherit; margin: 0px; padding: 6px 10px; border: 1px solid rgb(222, 226, 230); vertical-align: top; background: 0px 0px;\\\">4400 mAh</td></tr><tr style=\\\"box-sizing: inherit; margin: 0px; padding: 0px; border: 0px; vertical-align: baseline; background: 0px 0px rgb(243, 244, 247);\\\"><td style=\\\"box-sizing: inherit; margin: 0px; padding: 6px 10px; border: 1px solid rgb(222, 226, 230); vertical-align: top; background: 0px 0px; width: 126px;\\\">Thẻ sim</td><td style=\\\"box-sizing: inherit; margin: 0px; padding: 6px 10px; border: 1px solid rgb(222, 226, 230); vertical-align: top; background: 0px 0px;\\\">2 - 2 Nano SIM hoặc 1 eSIM, 1 Nano SIM</td></tr><tr style=\\\"box-sizing: inherit; margin: 0px; padding: 0px; border: 0px; vertical-align: baseline; background: 0px 0px;\\\"><td style=\\\"box-sizing: inherit; margin: 0px; padding: 6px 10px; border: 1px solid rgb(222, 226, 230); vertical-align: top; background: 0px 0px; width: 126px;\\\">Hệ điều hành</td><td style=\\\"box-sizing: inherit; margin: 0px; padding: 6px 10px; border: 1px solid rgb(222, 226, 230); vertical-align: top; background: 0px 0px;\\\">Android 13.0</td></tr><tr style=\\\"box-sizing: inherit; margin: 0px; padding: 0px; border: 0px; vertical-align: baseline; background: 0px 0px rgb(243, 244, 247);\\\"><td style=\\\"box-sizing: inherit; margin: 0px; padding: 6px 10px; border: 1px solid rgb(222, 226, 230); vertical-align: top; background: 0px 0px; width: 126px;\\\">Xuất xứ</td><td style=\\\"box-sizing: inherit; margin: 0px; padding: 6px 10px; border: 1px solid rgb(222, 226, 230); vertical-align: top; background: 0px 0px;\\\">Việt Nam / Trung Quốc</td></tr><tr style=\\\"box-sizing: inherit; margin: 0px; padding: 0px; border: 0px; vertical-align: baseline; background: 0px 0px;\\\"><td style=\\\"box-sizing: inherit; margin: 0px; padding: 6px 10px; border: 1px solid rgb(222, 226, 230); vertical-align: top; background: 0px 0px; width: 126px;\\\">Thời gian ra mắt</td><td style=\\\"box-sizing: inherit; margin: 0px; padding: 6px 10px; border: 1px solid rgb(222, 226, 230); vertical-align: top; background: 0px 0px;\\\">07/2023</td></tr></tbody></table>', 1, '2024-01-04 21:36:22'),
(13, 3, 1, 5, 'Samsung Galaxy S23 Ultra', '<table class=\\\"st-pd-table\\\" style=\\\"box-sizing: inherit; margin: 0px; padding: 0px; border: 0px; vertical-align: baseline; background-image: initial; background-position: 0px 0px; background-size: initial; background-repeat: initial; background-attachment: initial; background-origin: initial; background-clip: initial; border-spacing: 0px; line-height: 20px; width: 425px; color: rgb(68, 75, 82); font-family: Roboto, sans-serif;\\\"><tbody style=\\\"box-sizing: inherit; margin: 0px; padding: 0px; border: 0px; vertical-align: baseline; background: 0px 0px;\\\"><tr style=\\\"box-sizing: inherit; margin: 0px; padding: 0px; border: 0px; vertical-align: baseline; background: 0px 0px rgb(243, 244, 247);\\\"><td style=\\\"box-sizing: inherit; margin: 0px; padding: 6px 10px; border: 1px solid rgb(222, 226, 230); vertical-align: top; background: 0px 0px; width: 126px;\\\">Màn hình</td><td style=\\\"box-sizing: inherit; margin: 0px; padding: 6px 10px; border: 1px solid rgb(222, 226, 230); vertical-align: top; background: 0px 0px;\\\">6.8 inch, Dynamic AMOLED 2X, QHD+, 1440 x 3088 Pixels</td></tr><tr style=\\\"box-sizing: inherit; margin: 0px; padding: 0px; border: 0px; vertical-align: baseline; background: 0px 0px;\\\"><td style=\\\"box-sizing: inherit; margin: 0px; padding: 6px 10px; border: 1px solid rgb(222, 226, 230); vertical-align: top; background: 0px 0px; width: 126px;\\\">Camera sau</td><td style=\\\"box-sizing: inherit; margin: 0px; padding: 6px 10px; border: 1px solid rgb(222, 226, 230); vertical-align: top; background: 0px 0px;\\\">200.0 MP + 12.0 MP + 10.0 MP + 10.0 MP</td></tr><tr style=\\\"box-sizing: inherit; margin: 0px; padding: 0px; border: 0px; vertical-align: baseline; background: 0px 0px rgb(243, 244, 247);\\\"><td style=\\\"box-sizing: inherit; margin: 0px; padding: 6px 10px; border: 1px solid rgb(222, 226, 230); vertical-align: top; background: 0px 0px; width: 126px;\\\">Camera Selfie</td><td style=\\\"box-sizing: inherit; margin: 0px; padding: 6px 10px; border: 1px solid rgb(222, 226, 230); vertical-align: top; background: 0px 0px;\\\">12.0 MP</td></tr><tr style=\\\"box-sizing: inherit; margin: 0px; padding: 0px; border: 0px; vertical-align: baseline; background: 0px 0px;\\\"><td style=\\\"box-sizing: inherit; margin: 0px; padding: 6px 10px; border: 1px solid rgb(222, 226, 230); vertical-align: top; background: 0px 0px; width: 126px;\\\">RAM</td><td style=\\\"box-sizing: inherit; margin: 0px; padding: 6px 10px; border: 1px solid rgb(222, 226, 230); vertical-align: top; background: 0px 0px;\\\">8 GB</td></tr><tr style=\\\"box-sizing: inherit; margin: 0px; padding: 0px; border: 0px; vertical-align: baseline; background: 0px 0px rgb(243, 244, 247);\\\"><td style=\\\"box-sizing: inherit; margin: 0px; padding: 6px 10px; border: 1px solid rgb(222, 226, 230); vertical-align: top; background: 0px 0px; width: 126px;\\\">Bộ nhớ trong</td><td style=\\\"box-sizing: inherit; margin: 0px; padding: 6px 10px; border: 1px solid rgb(222, 226, 230); vertical-align: top; background: 0px 0px;\\\">256 GB</td></tr><tr style=\\\"box-sizing: inherit; margin: 0px; padding: 0px; border: 0px; vertical-align: baseline; background: 0px 0px;\\\"><td style=\\\"box-sizing: inherit; margin: 0px; padding: 6px 10px; border: 1px solid rgb(222, 226, 230); vertical-align: top; background: 0px 0px; width: 126px;\\\">CPU</td><td style=\\\"box-sizing: inherit; margin: 0px; padding: 6px 10px; border: 1px solid rgb(222, 226, 230); vertical-align: top; background: 0px 0px;\\\">Snapdragon 8 Gen 2</td></tr><tr style=\\\"box-sizing: inherit; margin: 0px; padding: 0px; border: 0px; vertical-align: baseline; background: 0px 0px rgb(243, 244, 247);\\\"><td style=\\\"box-sizing: inherit; margin: 0px; padding: 6px 10px; border: 1px solid rgb(222, 226, 230); vertical-align: top; background: 0px 0px; width: 126px;\\\">Dung lượng pin</td><td style=\\\"box-sizing: inherit; margin: 0px; padding: 6px 10px; border: 1px solid rgb(222, 226, 230); vertical-align: top; background: 0px 0px;\\\">5000 mAh</td></tr><tr style=\\\"box-sizing: inherit; margin: 0px; padding: 0px; border: 0px; vertical-align: baseline; background: 0px 0px;\\\"><td style=\\\"box-sizing: inherit; margin: 0px; padding: 6px 10px; border: 1px solid rgb(222, 226, 230); vertical-align: top; background: 0px 0px; width: 126px;\\\">Thẻ sim</td><td style=\\\"box-sizing: inherit; margin: 0px; padding: 6px 10px; border: 1px solid rgb(222, 226, 230); vertical-align: top; background: 0px 0px;\\\">1 - 2 Nano SIM hoặc 1 eSIM, 1 Nano SIM</td></tr><tr style=\\\"box-sizing: inherit; margin: 0px; padding: 0px; border: 0px; vertical-align: baseline; background: 0px 0px rgb(243, 244, 247);\\\"><td style=\\\"box-sizing: inherit; margin: 0px; padding: 6px 10px; border: 1px solid rgb(222, 226, 230); vertical-align: top; background: 0px 0px; width: 126px;\\\">Hệ điều hành</td><td style=\\\"box-sizing: inherit; margin: 0px; padding: 6px 10px; border: 1px solid rgb(222, 226, 230); vertical-align: top; background: 0px 0px;\\\">Android 13.0</td></tr><tr style=\\\"box-sizing: inherit; margin: 0px; padding: 0px; border: 0px; vertical-align: baseline; background: 0px 0px;\\\"><td style=\\\"box-sizing: inherit; margin: 0px; padding: 6px 10px; border: 1px solid rgb(222, 226, 230); vertical-align: top; background: 0px 0px; width: 126px;\\\">Xuất xứ</td><td style=\\\"box-sizing: inherit; margin: 0px; padding: 6px 10px; border: 1px solid rgb(222, 226, 230); vertical-align: top; background: 0px 0px;\\\">Việt Nam / Trung Quốc</td></tr><tr style=\\\"box-sizing: inherit; margin: 0px; padding: 0px; border: 0px; vertical-align: baseline; background: 0px 0px rgb(243, 244, 247);\\\"><td style=\\\"box-sizing: inherit; margin: 0px; padding: 6px 10px; border: 1px solid rgb(222, 226, 230); vertical-align: top; background: 0px 0px; width: 126px;\\\">Thời gian ra mắt</td><td style=\\\"box-sizing: inherit; margin: 0px; padding: 6px 10px; border: 1px solid rgb(222, 226, 230); vertical-align: top; background: 0px 0px;\\\">02/2023</td></tr></tbody></table>', 1, '2024-01-04 21:39:48');
INSERT INTO `products` (`id`, `brand_id`, `category_id`, `sub_category_id`, `name`, `specs`, `status`, `date_created`) VALUES
(14, 3, 1, 5, 'Samsung Galaxy Z Flip4 5G 128GB', '<table class=\\\"st-pd-table\\\" style=\\\"box-sizing: inherit; margin: 0px; padding: 0px; border: 0px; vertical-align: baseline; background-image: initial; background-position: 0px 0px; background-size: initial; background-repeat: initial; background-attachment: initial; background-origin: initial; background-clip: initial; border-spacing: 0px; line-height: 20px; width: 425px; color: rgb(68, 75, 82); font-family: Roboto, sans-serif;\\\"><tbody style=\\\"box-sizing: inherit; margin: 0px; padding: 0px; border: 0px; vertical-align: baseline; background: 0px 0px;\\\"><tr style=\\\"box-sizing: inherit; margin: 0px; padding: 0px; border: 0px; vertical-align: baseline; background: 0px 0px rgb(243, 244, 247);\\\"><td style=\\\"box-sizing: inherit; margin: 0px; padding: 6px 10px; border: 1px solid rgb(222, 226, 230); vertical-align: top; background: 0px 0px; width: 126px;\\\">Màn hình</td><td style=\\\"box-sizing: inherit; margin: 0px; padding: 6px 10px; border: 1px solid rgb(222, 226, 230); vertical-align: top; background: 0px 0px;\\\">6.7 inch, 19 inch, Dynamic AMOLED 2X, FHD+, 1080 x 2636 Pixels</td></tr><tr style=\\\"box-sizing: inherit; margin: 0px; padding: 0px; border: 0px; vertical-align: baseline; background: 0px 0px;\\\"><td style=\\\"box-sizing: inherit; margin: 0px; padding: 6px 10px; border: 1px solid rgb(222, 226, 230); vertical-align: top; background: 0px 0px; width: 126px;\\\">Camera sau</td><td style=\\\"box-sizing: inherit; margin: 0px; padding: 6px 10px; border: 1px solid rgb(222, 226, 230); vertical-align: top; background: 0px 0px;\\\">12.0 MP + 12.0 MP</td></tr><tr style=\\\"box-sizing: inherit; margin: 0px; padding: 0px; border: 0px; vertical-align: baseline; background: 0px 0px rgb(243, 244, 247);\\\"><td style=\\\"box-sizing: inherit; margin: 0px; padding: 6px 10px; border: 1px solid rgb(222, 226, 230); vertical-align: top; background: 0px 0px; width: 126px;\\\">Camera Selfie</td><td style=\\\"box-sizing: inherit; margin: 0px; padding: 6px 10px; border: 1px solid rgb(222, 226, 230); vertical-align: top; background: 0px 0px;\\\">10.0 MP</td></tr><tr style=\\\"box-sizing: inherit; margin: 0px; padding: 0px; border: 0px; vertical-align: baseline; background: 0px 0px;\\\"><td style=\\\"box-sizing: inherit; margin: 0px; padding: 6px 10px; border: 1px solid rgb(222, 226, 230); vertical-align: top; background: 0px 0px; width: 126px;\\\">RAM</td><td style=\\\"box-sizing: inherit; margin: 0px; padding: 6px 10px; border: 1px solid rgb(222, 226, 230); vertical-align: top; background: 0px 0px;\\\">8 GB</td></tr><tr style=\\\"box-sizing: inherit; margin: 0px; padding: 0px; border: 0px; vertical-align: baseline; background: 0px 0px rgb(243, 244, 247);\\\"><td style=\\\"box-sizing: inherit; margin: 0px; padding: 6px 10px; border: 1px solid rgb(222, 226, 230); vertical-align: top; background: 0px 0px; width: 126px;\\\">Bộ nhớ trong</td><td style=\\\"box-sizing: inherit; margin: 0px; padding: 6px 10px; border: 1px solid rgb(222, 226, 230); vertical-align: top; background: 0px 0px;\\\">128 GB</td></tr><tr style=\\\"box-sizing: inherit; margin: 0px; padding: 0px; border: 0px; vertical-align: baseline; background: 0px 0px;\\\"><td style=\\\"box-sizing: inherit; margin: 0px; padding: 6px 10px; border: 1px solid rgb(222, 226, 230); vertical-align: top; background: 0px 0px; width: 126px;\\\">CPU</td><td style=\\\"box-sizing: inherit; margin: 0px; padding: 6px 10px; border: 1px solid rgb(222, 226, 230); vertical-align: top; background: 0px 0px;\\\">Snapdragon 8+ Gen 1</td></tr><tr style=\\\"box-sizing: inherit; margin: 0px; padding: 0px; border: 0px; vertical-align: baseline; background: 0px 0px rgb(243, 244, 247);\\\"><td style=\\\"box-sizing: inherit; margin: 0px; padding: 6px 10px; border: 1px solid rgb(222, 226, 230); vertical-align: top; background: 0px 0px; width: 126px;\\\">Dung lượng pin</td><td style=\\\"box-sizing: inherit; margin: 0px; padding: 6px 10px; border: 1px solid rgb(222, 226, 230); vertical-align: top; background: 0px 0px;\\\">3700 mAh</td></tr><tr style=\\\"box-sizing: inherit; margin: 0px; padding: 0px; border: 0px; vertical-align: baseline; background: 0px 0px;\\\"><td style=\\\"box-sizing: inherit; margin: 0px; padding: 6px 10px; border: 1px solid rgb(222, 226, 230); vertical-align: top; background: 0px 0px; width: 126px;\\\">Thẻ sim</td><td style=\\\"box-sizing: inherit; margin: 0px; padding: 6px 10px; border: 1px solid rgb(222, 226, 230); vertical-align: top; background: 0px 0px;\\\">2 - 1 eSIM, 1 Nano SIM</td></tr><tr style=\\\"box-sizing: inherit; margin: 0px; padding: 0px; border: 0px; vertical-align: baseline; background: 0px 0px rgb(243, 244, 247);\\\"><td style=\\\"box-sizing: inherit; margin: 0px; padding: 6px 10px; border: 1px solid rgb(222, 226, 230); vertical-align: top; background: 0px 0px; width: 126px;\\\">Hệ điều hành</td><td style=\\\"box-sizing: inherit; margin: 0px; padding: 6px 10px; border: 1px solid rgb(222, 226, 230); vertical-align: top; background: 0px 0px;\\\">Android 12</td></tr><tr style=\\\"box-sizing: inherit; margin: 0px; padding: 0px; border: 0px; vertical-align: baseline; background: 0px 0px;\\\"><td style=\\\"box-sizing: inherit; margin: 0px; padding: 6px 10px; border: 1px solid rgb(222, 226, 230); vertical-align: top; background: 0px 0px; width: 126px;\\\">Xuất xứ</td><td style=\\\"box-sizing: inherit; margin: 0px; padding: 6px 10px; border: 1px solid rgb(222, 226, 230); vertical-align: top; background: 0px 0px;\\\">Việt Nam</td></tr><tr style=\\\"box-sizing: inherit; margin: 0px; padding: 0px; border: 0px; vertical-align: baseline; background: 0px 0px rgb(243, 244, 247);\\\"><td style=\\\"box-sizing: inherit; margin: 0px; padding: 6px 10px; border: 1px solid rgb(222, 226, 230); vertical-align: top; background: 0px 0px; width: 126px;\\\">Thời gian ra mắt</td><td style=\\\"box-sizing: inherit; margin: 0px; padding: 6px 10px; border: 1px solid rgb(222, 226, 230); vertical-align: top; background: 0px 0px;\\\">08/2022</td></tr></tbody></table>', 1, '2024-01-04 21:44:26'),
(15, 10, 2, 2, 'Tai nghe AirPods Pro 2023 USB-C', '<table class=\\\"st-pd-table\\\" style=\\\"margin: 0px; padding: 0px; border: 0px; vertical-align: baseline; background-image: initial; background-position: 0px 0px; background-size: initial; background-repeat: initial; background-attachment: initial; background-origin: initial; background-clip: initial; border-spacing: 0px; line-height: 20px; width: 454.987px; color: rgb(68, 75, 82); font-family: Roboto, sans-serif;\\\"><tbody style=\\\"margin: 0px; padding: 0px; border: 0px; vertical-align: baseline; background: 0px 0px;\\\"><tr style=\\\"margin: 0px; padding: 0px; border: 0px; vertical-align: baseline; background: 0px 0px rgb(243, 244, 247);\\\"><td style=\\\"margin: 0px; padding: 6px 10px; border: 1px solid rgb(222, 226, 230); vertical-align: top; background: 0px 0px; width: 126px;\\\">Loại tai nghe</td><td style=\\\"margin: 0px; padding: 6px 10px; border: 1px solid rgb(222, 226, 230); vertical-align: top; background: 0px 0px;\\\">Tai nghe không dây</td></tr><tr style=\\\"margin: 0px; padding: 0px; border: 0px; vertical-align: baseline; background: 0px 0px;\\\"><td style=\\\"margin: 0px; padding: 6px 10px; border: 1px solid rgb(222, 226, 230); vertical-align: top; background: 0px 0px; width: 126px;\\\">Tính năng</td><td style=\\\"margin: 0px; padding: 6px 10px; border: 1px solid rgb(222, 226, 230); vertical-align: top; background: 0px 0px;\\\">Chống ồn; Sạc không dây</td></tr><tr style=\\\"margin: 0px; padding: 0px; border: 0px; vertical-align: baseline; background: 0px 0px rgb(243, 244, 247);\\\"><td style=\\\"margin: 0px; padding: 6px 10px; border: 1px solid rgb(222, 226, 230); vertical-align: top; background: 0px 0px; width: 126px;\\\">Xuất xứ</td><td style=\\\"margin: 0px; padding: 6px 10px; border: 1px solid rgb(222, 226, 230); vertical-align: top; background: 0px 0px;\\\">Trung Quốc</td></tr><tr style=\\\"margin: 0px; padding: 0px; border: 0px; vertical-align: baseline; background: 0px 0px;\\\"><td style=\\\"margin: 0px; padding: 6px 10px; border: 1px solid rgb(222, 226, 230); vertical-align: top; background: 0px 0px; width: 126px;\\\">Thời gian bảo hành (tháng)</td><td style=\\\"margin: 0px; padding: 6px 10px; border: 1px solid rgb(222, 226, 230); vertical-align: top; background: 0px 0px;\\\">12</td></tr></tbody></table>', 1, '2024-01-04 21:50:37'),
(16, 9, 2, 7, 'Loa vi tính SoundMax A2126', '<table class=\\\"st-pd-table\\\" style=\\\"margin: 0px; padding: 0px; border: 0px; vertical-align: baseline; background-image: initial; background-position: 0px 0px; background-size: initial; background-repeat: initial; background-attachment: initial; background-origin: initial; background-clip: initial; border-spacing: 0px; line-height: 20px; width: 454.987px; color: rgb(68, 75, 82); font-family: Roboto, sans-serif;\\\"><tbody style=\\\"margin: 0px; padding: 0px; border: 0px; vertical-align: baseline; background: 0px 0px;\\\"><tr style=\\\"margin: 0px; padding: 0px; border: 0px; vertical-align: baseline; background: 0px 0px rgb(243, 244, 247);\\\"><td style=\\\"margin: 0px; padding: 6px 10px; border: 1px solid rgb(222, 226, 230); vertical-align: top; background: 0px 0px; width: 126px;\\\">Loại tai nghe</td><td style=\\\"margin: 0px; padding: 6px 10px; border: 1px solid rgb(222, 226, 230); vertical-align: top; background: 0px 0px;\\\">Tai nghe không dây</td></tr><tr style=\\\"margin: 0px; padding: 0px; border: 0px; vertical-align: baseline; background: 0px 0px;\\\"><td style=\\\"margin: 0px; padding: 6px 10px; border: 1px solid rgb(222, 226, 230); vertical-align: top; background: 0px 0px; width: 126px;\\\">Tính năng</td><td style=\\\"margin: 0px; padding: 6px 10px; border: 1px solid rgb(222, 226, 230); vertical-align: top; background: 0px 0px;\\\">Chống ồn; Sạc không dây</td></tr><tr style=\\\"margin: 0px; padding: 0px; border: 0px; vertical-align: baseline; background: 0px 0px rgb(243, 244, 247);\\\"><td style=\\\"margin: 0px; padding: 6px 10px; border: 1px solid rgb(222, 226, 230); vertical-align: top; background: 0px 0px; width: 126px;\\\">Xuất xứ</td><td style=\\\"margin: 0px; padding: 6px 10px; border: 1px solid rgb(222, 226, 230); vertical-align: top; background: 0px 0px;\\\">Trung Quốc</td></tr><tr style=\\\"margin: 0px; padding: 0px; border: 0px; vertical-align: baseline; background: 0px 0px;\\\"><td style=\\\"margin: 0px; padding: 6px 10px; border: 1px solid rgb(222, 226, 230); vertical-align: top; background: 0px 0px; width: 126px;\\\">Thời gian bảo hành (tháng)</td><td style=\\\"margin: 0px; padding: 6px 10px; border: 1px solid rgb(222, 226, 230); vertical-align: top; background: 0px 0px;\\\">12</td></tr></tbody></table>', 1, '2024-01-04 21:56:41'),
(17, 11, 4, 3, 'Laptop MSI Gaming Raider GE77HX 12UHS-229VN i9 12900HX', '<table class=\\\"st-pd-table\\\" style=\\\"box-sizing: inherit; margin: 0px; padding: 0px; border: 0px; vertical-align: baseline; background-image: initial; background-position: 0px 0px; background-size: initial; background-repeat: initial; background-attachment: initial; background-origin: initial; background-clip: initial; border-spacing: 0px; line-height: 20px; width: 425px; color: rgb(68, 75, 82); font-family: Roboto, sans-serif;\\\"><tbody style=\\\"box-sizing: inherit; margin: 0px; padding: 0px; border: 0px; vertical-align: baseline; background: 0px 0px;\\\"><tr style=\\\"box-sizing: inherit; margin: 0px; padding: 0px; border: 0px; vertical-align: baseline; background: 0px 0px rgb(243, 244, 247);\\\"><td style=\\\"box-sizing: inherit; margin: 0px; padding: 6px 10px; border: 1px solid rgb(222, 226, 230); vertical-align: top; background: 0px 0px; width: 126px;\\\">Màn hình</td><td style=\\\"box-sizing: inherit; margin: 0px; padding: 6px 10px; border: 1px solid rgb(222, 226, 230); vertical-align: top; background: 0px 0px;\\\">17.3 inch, 3840 x 2160 Pixels, IPS, 120 Hz, IPS</td></tr><tr style=\\\"box-sizing: inherit; margin: 0px; padding: 0px; border: 0px; vertical-align: baseline; background: 0px 0px;\\\"><td style=\\\"box-sizing: inherit; margin: 0px; padding: 6px 10px; border: 1px solid rgb(222, 226, 230); vertical-align: top; background: 0px 0px; width: 126px;\\\">CPU</td><td style=\\\"box-sizing: inherit; margin: 0px; padding: 6px 10px; border: 1px solid rgb(222, 226, 230); vertical-align: top; background: 0px 0px;\\\">Intel, Core i9, 12900HX</td></tr><tr style=\\\"box-sizing: inherit; margin: 0px; padding: 0px; border: 0px; vertical-align: baseline; background: 0px 0px rgb(243, 244, 247);\\\"><td style=\\\"box-sizing: inherit; margin: 0px; padding: 6px 10px; border: 1px solid rgb(222, 226, 230); vertical-align: top; background: 0px 0px; width: 126px;\\\">RAM</td><td style=\\\"box-sizing: inherit; margin: 0px; padding: 6px 10px; border: 1px solid rgb(222, 226, 230); vertical-align: top; background: 0px 0px;\\\">64 GB, DDR5, 4800 MHz</td></tr><tr style=\\\"box-sizing: inherit; margin: 0px; padding: 0px; border: 0px; vertical-align: baseline; background: 0px 0px;\\\"><td style=\\\"box-sizing: inherit; margin: 0px; padding: 6px 10px; border: 1px solid rgb(222, 226, 230); vertical-align: top; background: 0px 0px; width: 126px;\\\">Ổ cứng</td><td style=\\\"box-sizing: inherit; margin: 0px; padding: 6px 10px; border: 1px solid rgb(222, 226, 230); vertical-align: top; background: 0px 0px;\\\">SSD 2 TB</td></tr><tr style=\\\"box-sizing: inherit; margin: 0px; padding: 0px; border: 0px; vertical-align: baseline; background: 0px 0px rgb(243, 244, 247);\\\"><td style=\\\"box-sizing: inherit; margin: 0px; padding: 6px 10px; border: 1px solid rgb(222, 226, 230); vertical-align: top; background: 0px 0px; width: 126px;\\\">Đồ họa</td><td style=\\\"box-sizing: inherit; margin: 0px; padding: 6px 10px; border: 1px solid rgb(222, 226, 230); vertical-align: top; background: 0px 0px;\\\">NVIDIA GeForce RTX 3080 Ti 16GB; Intel Iris Xe Graphics</td></tr><tr style=\\\"box-sizing: inherit; margin: 0px; padding: 0px; border: 0px; vertical-align: baseline; background: 0px 0px;\\\"><td style=\\\"box-sizing: inherit; margin: 0px; padding: 6px 10px; border: 1px solid rgb(222, 226, 230); vertical-align: top; background: 0px 0px; width: 126px;\\\">Hệ điều hành</td><td style=\\\"box-sizing: inherit; margin: 0px; padding: 6px 10px; border: 1px solid rgb(222, 226, 230); vertical-align: top; background: 0px 0px;\\\">Windows 11 Home</td></tr><tr style=\\\"box-sizing: inherit; margin: 0px; padding: 0px; border: 0px; vertical-align: baseline; background: 0px 0px rgb(243, 244, 247);\\\"><td style=\\\"box-sizing: inherit; margin: 0px; padding: 6px 10px; border: 1px solid rgb(222, 226, 230); vertical-align: top; background: 0px 0px; width: 126px;\\\">Trọng lượng</td><td style=\\\"box-sizing: inherit; margin: 0px; padding: 6px 10px; border: 1px solid rgb(222, 226, 230); vertical-align: top; background: 0px 0px;\\\">2.9 kg</td></tr><tr style=\\\"box-sizing: inherit; margin: 0px; padding: 0px; border: 0px; vertical-align: baseline; background: 0px 0px;\\\"><td style=\\\"box-sizing: inherit; margin: 0px; padding: 6px 10px; border: 1px solid rgb(222, 226, 230); vertical-align: top; background: 0px 0px; width: 126px;\\\">Kích thước</td><td style=\\\"box-sizing: inherit; margin: 0px; padding: 6px 10px; border: 1px solid rgb(222, 226, 230); vertical-align: top; background: 0px 0px;\\\">397 x 284 x 25.9 mm</td></tr><tr style=\\\"box-sizing: inherit; margin: 0px; padding: 0px; border: 0px; vertical-align: baseline; background: 0px 0px rgb(243, 244, 247);\\\"><td style=\\\"box-sizing: inherit; margin: 0px; padding: 6px 10px; border: 1px solid rgb(222, 226, 230); vertical-align: top; background: 0px 0px; width: 126px;\\\">Xuất xứ</td><td style=\\\"box-sizing: inherit; margin: 0px; padding: 6px 10px; border: 1px solid rgb(222, 226, 230); vertical-align: top; background: 0px 0px;\\\">Trung Quốc</td></tr><tr style=\\\"box-sizing: inherit; margin: 0px; padding: 0px; border: 0px; vertical-align: baseline; background: 0px 0px;\\\"><td style=\\\"box-sizing: inherit; margin: 0px; padding: 6px 10px; border: 1px solid rgb(222, 226, 230); vertical-align: top; background: 0px 0px; width: 126px;\\\">Năm ra mắt</td><td style=\\\"box-sizing: inherit; margin: 0px; padding: 6px 10px; border: 1px solid rgb(222, 226, 230); vertical-align: top; background: 0px 0px;\\\">2022</td></tr></tbody></table>', 1, '2024-01-04 22:04:47'),
(18, 11, 4, 3, 'Laptop MSI Gaming Stealth GS77 12UH-075VN i9 12900H', '<table class=\\\"st-pd-table\\\" style=\\\"box-sizing: inherit; margin: 0px; padding: 0px; border: 0px; vertical-align: baseline; background-image: initial; background-position: 0px 0px; background-size: initial; background-repeat: initial; background-attachment: initial; background-origin: initial; background-clip: initial; border-spacing: 0px; line-height: 20px; width: 425px; color: rgb(68, 75, 82); font-family: Roboto, sans-serif;\\\"><tbody style=\\\"box-sizing: inherit; margin: 0px; padding: 0px; border: 0px; vertical-align: baseline; background: 0px 0px;\\\"><tr style=\\\"box-sizing: inherit; margin: 0px; padding: 0px; border: 0px; vertical-align: baseline; background: 0px 0px rgb(243, 244, 247);\\\"><td style=\\\"box-sizing: inherit; margin: 0px; padding: 6px 10px; border: 1px solid rgb(222, 226, 230); vertical-align: top; background: 0px 0px; width: 126px;\\\">Màn hình</td><td style=\\\"box-sizing: inherit; margin: 0px; padding: 6px 10px; border: 1px solid rgb(222, 226, 230); vertical-align: top; background: 0px 0px;\\\">17.3 inch, 2560 x 1440 Pixels, IPS, 240 Hz, IPS</td></tr><tr style=\\\"box-sizing: inherit; margin: 0px; padding: 0px; border: 0px; vertical-align: baseline; background: 0px 0px;\\\"><td style=\\\"box-sizing: inherit; margin: 0px; padding: 6px 10px; border: 1px solid rgb(222, 226, 230); vertical-align: top; background: 0px 0px; width: 126px;\\\">CPU</td><td style=\\\"box-sizing: inherit; margin: 0px; padding: 6px 10px; border: 1px solid rgb(222, 226, 230); vertical-align: top; background: 0px 0px;\\\">Intel, Core i9, 12900H</td></tr><tr style=\\\"box-sizing: inherit; margin: 0px; padding: 0px; border: 0px; vertical-align: baseline; background: 0px 0px rgb(243, 244, 247);\\\"><td style=\\\"box-sizing: inherit; margin: 0px; padding: 6px 10px; border: 1px solid rgb(222, 226, 230); vertical-align: top; background: 0px 0px; width: 126px;\\\">RAM</td><td style=\\\"box-sizing: inherit; margin: 0px; padding: 6px 10px; border: 1px solid rgb(222, 226, 230); vertical-align: top; background: 0px 0px;\\\">32 GB, DDR5, 4800 MHz</td></tr><tr style=\\\"box-sizing: inherit; margin: 0px; padding: 0px; border: 0px; vertical-align: baseline; background: 0px 0px;\\\"><td style=\\\"box-sizing: inherit; margin: 0px; padding: 6px 10px; border: 1px solid rgb(222, 226, 230); vertical-align: top; background: 0px 0px; width: 126px;\\\">Ổ cứng</td><td style=\\\"box-sizing: inherit; margin: 0px; padding: 6px 10px; border: 1px solid rgb(222, 226, 230); vertical-align: top; background: 0px 0px;\\\">SSD 512 GB</td></tr><tr style=\\\"box-sizing: inherit; margin: 0px; padding: 0px; border: 0px; vertical-align: baseline; background: 0px 0px rgb(243, 244, 247);\\\"><td style=\\\"box-sizing: inherit; margin: 0px; padding: 6px 10px; border: 1px solid rgb(222, 226, 230); vertical-align: top; background: 0px 0px; width: 126px;\\\">Đồ họa</td><td style=\\\"box-sizing: inherit; margin: 0px; padding: 6px 10px; border: 1px solid rgb(222, 226, 230); vertical-align: top; background: 0px 0px;\\\">NVIDIA GeForce RTX 3080 8GB; Intel Iris Xe Graphics</td></tr><tr style=\\\"box-sizing: inherit; margin: 0px; padding: 0px; border: 0px; vertical-align: baseline; background: 0px 0px;\\\"><td style=\\\"box-sizing: inherit; margin: 0px; padding: 6px 10px; border: 1px solid rgb(222, 226, 230); vertical-align: top; background: 0px 0px; width: 126px;\\\">Hệ điều hành</td><td style=\\\"box-sizing: inherit; margin: 0px; padding: 6px 10px; border: 1px solid rgb(222, 226, 230); vertical-align: top; background: 0px 0px;\\\">Windows 11 Home</td></tr><tr style=\\\"box-sizing: inherit; margin: 0px; padding: 0px; border: 0px; vertical-align: baseline; background: 0px 0px rgb(243, 244, 247);\\\"><td style=\\\"box-sizing: inherit; margin: 0px; padding: 6px 10px; border: 1px solid rgb(222, 226, 230); vertical-align: top; background: 0px 0px; width: 126px;\\\">Trọng lượng</td><td style=\\\"box-sizing: inherit; margin: 0px; padding: 6px 10px; border: 1px solid rgb(222, 226, 230); vertical-align: top; background: 0px 0px;\\\">2.8 kg</td></tr><tr style=\\\"box-sizing: inherit; margin: 0px; padding: 0px; border: 0px; vertical-align: baseline; background: 0px 0px;\\\"><td style=\\\"box-sizing: inherit; margin: 0px; padding: 6px 10px; border: 1px solid rgb(222, 226, 230); vertical-align: top; background: 0px 0px; width: 126px;\\\">Kích thước</td><td style=\\\"box-sizing: inherit; margin: 0px; padding: 6px 10px; border: 1px solid rgb(222, 226, 230); vertical-align: top; background: 0px 0px;\\\">397.6 x 283.5 x 20.1~20.8 mm</td></tr><tr style=\\\"box-sizing: inherit; margin: 0px; padding: 0px; border: 0px; vertical-align: baseline; background: 0px 0px rgb(243, 244, 247);\\\"><td style=\\\"box-sizing: inherit; margin: 0px; padding: 6px 10px; border: 1px solid rgb(222, 226, 230); vertical-align: top; background: 0px 0px; width: 126px;\\\">Xuất xứ</td><td style=\\\"box-sizing: inherit; margin: 0px; padding: 6px 10px; border: 1px solid rgb(222, 226, 230); vertical-align: top; background: 0px 0px;\\\">Trung Quốc</td></tr><tr style=\\\"box-sizing: inherit; margin: 0px; padding: 0px; border: 0px; vertical-align: baseline; background: 0px 0px;\\\"><td style=\\\"box-sizing: inherit; margin: 0px; padding: 6px 10px; border: 1px solid rgb(222, 226, 230); vertical-align: top; background: 0px 0px; width: 126px;\\\">Năm ra mắt</td><td style=\\\"box-sizing: inherit; margin: 0px; padding: 6px 10px; border: 1px solid rgb(222, 226, 230); vertical-align: top; background: 0px 0px;\\\">2022</td></tr></tbody></table>', 1, '2024-01-04 22:07:11'),
(19, 11, 4, 3, 'MacBook Pro 16 inch M2 Pro 2023 16GB/1TB', '<table class=\\\"st-pd-table\\\" style=\\\"box-sizing: inherit; margin: 0px; padding: 0px; border: 0px; vertical-align: baseline; background-image: initial; background-position: 0px 0px; background-size: initial; background-repeat: initial; background-attachment: initial; background-origin: initial; background-clip: initial; border-spacing: 0px; line-height: 20px; width: 425px; color: rgb(68, 75, 82); font-family: Roboto, sans-serif;\\\"><tbody style=\\\"box-sizing: inherit; margin: 0px; padding: 0px; border: 0px; vertical-align: baseline; background: 0px 0px;\\\"><tr style=\\\"box-sizing: inherit; margin: 0px; padding: 0px; border: 0px; vertical-align: baseline; background: 0px 0px rgb(243, 244, 247);\\\"><td style=\\\"box-sizing: inherit; margin: 0px; padding: 6px 10px; border: 1px solid rgb(222, 226, 230); vertical-align: top; background: 0px 0px; width: 126px;\\\">Màn hình</td><td style=\\\"box-sizing: inherit; margin: 0px; padding: 6px 10px; border: 1px solid rgb(222, 226, 230); vertical-align: top; background: 0px 0px;\\\">16.2 inch, 3456 x 2234 Pixels, OLED, 120, 1000 nits, Retina</td></tr><tr style=\\\"box-sizing: inherit; margin: 0px; padding: 0px; border: 0px; vertical-align: baseline; background: 0px 0px;\\\"><td style=\\\"box-sizing: inherit; margin: 0px; padding: 6px 10px; border: 1px solid rgb(222, 226, 230); vertical-align: top; background: 0px 0px; width: 126px;\\\">CPU</td><td style=\\\"box-sizing: inherit; margin: 0px; padding: 6px 10px; border: 1px solid rgb(222, 226, 230); vertical-align: top; background: 0px 0px;\\\">Apple, M2 Pro, 12-Core</td></tr><tr style=\\\"box-sizing: inherit; margin: 0px; padding: 0px; border: 0px; vertical-align: baseline; background: 0px 0px rgb(243, 244, 247);\\\"><td style=\\\"box-sizing: inherit; margin: 0px; padding: 6px 10px; border: 1px solid rgb(222, 226, 230); vertical-align: top; background: 0px 0px; width: 126px;\\\">RAM</td><td style=\\\"box-sizing: inherit; margin: 0px; padding: 6px 10px; border: 1px solid rgb(222, 226, 230); vertical-align: top; background: 0px 0px;\\\">16 GB (1 thanh 16 GB), Hãng không công bố, Hãng không công bố MHz</td></tr><tr style=\\\"box-sizing: inherit; margin: 0px; padding: 0px; border: 0px; vertical-align: baseline; background: 0px 0px;\\\"><td style=\\\"box-sizing: inherit; margin: 0px; padding: 6px 10px; border: 1px solid rgb(222, 226, 230); vertical-align: top; background: 0px 0px; width: 126px;\\\">Ổ cứng</td><td style=\\\"box-sizing: inherit; margin: 0px; padding: 6px 10px; border: 1px solid rgb(222, 226, 230); vertical-align: top; background: 0px 0px;\\\">SSD 1 TB</td></tr><tr style=\\\"box-sizing: inherit; margin: 0px; padding: 0px; border: 0px; vertical-align: baseline; background: 0px 0px rgb(243, 244, 247);\\\"><td style=\\\"box-sizing: inherit; margin: 0px; padding: 6px 10px; border: 1px solid rgb(222, 226, 230); vertical-align: top; background: 0px 0px; width: 126px;\\\">Đồ họa</td><td style=\\\"box-sizing: inherit; margin: 0px; padding: 6px 10px; border: 1px solid rgb(222, 226, 230); vertical-align: top; background: 0px 0px;\\\">Apple M2 Pro 19-core GPU</td></tr><tr style=\\\"box-sizing: inherit; margin: 0px; padding: 0px; border: 0px; vertical-align: baseline; background: 0px 0px;\\\"><td style=\\\"box-sizing: inherit; margin: 0px; padding: 6px 10px; border: 1px solid rgb(222, 226, 230); vertical-align: top; background: 0px 0px; width: 126px;\\\">Hệ điều hành</td><td style=\\\"box-sizing: inherit; margin: 0px; padding: 6px 10px; border: 1px solid rgb(222, 226, 230); vertical-align: top; background: 0px 0px;\\\">Ventura</td></tr><tr style=\\\"box-sizing: inherit; margin: 0px; padding: 0px; border: 0px; vertical-align: baseline; background: 0px 0px rgb(243, 244, 247);\\\"><td style=\\\"box-sizing: inherit; margin: 0px; padding: 6px 10px; border: 1px solid rgb(222, 226, 230); vertical-align: top; background: 0px 0px; width: 126px;\\\">Trọng lượng</td><td style=\\\"box-sizing: inherit; margin: 0px; padding: 6px 10px; border: 1px solid rgb(222, 226, 230); vertical-align: top; background: 0px 0px;\\\">2.15 kg</td></tr><tr style=\\\"box-sizing: inherit; margin: 0px; padding: 0px; border: 0px; vertical-align: baseline; background: 0px 0px;\\\"><td style=\\\"box-sizing: inherit; margin: 0px; padding: 6px 10px; border: 1px solid rgb(222, 226, 230); vertical-align: top; background: 0px 0px; width: 126px;\\\">Kích thước</td><td style=\\\"box-sizing: inherit; margin: 0px; padding: 6px 10px; border: 1px solid rgb(222, 226, 230); vertical-align: top; background: 0px 0px;\\\">35.57 x 24.81 x 1.68 cm</td></tr><tr style=\\\"box-sizing: inherit; margin: 0px; padding: 0px; border: 0px; vertical-align: baseline; background: 0px 0px rgb(243, 244, 247);\\\"><td style=\\\"box-sizing: inherit; margin: 0px; padding: 6px 10px; border: 1px solid rgb(222, 226, 230); vertical-align: top; background: 0px 0px; width: 126px;\\\">Xuất xứ</td><td style=\\\"box-sizing: inherit; margin: 0px; padding: 6px 10px; border: 1px solid rgb(222, 226, 230); vertical-align: top; background: 0px 0px;\\\">Trung Quốc</td></tr><tr style=\\\"box-sizing: inherit; margin: 0px; padding: 0px; border: 0px; vertical-align: baseline; background: 0px 0px;\\\"><td style=\\\"box-sizing: inherit; margin: 0px; padding: 6px 10px; border: 1px solid rgb(222, 226, 230); vertical-align: top; background: 0px 0px; width: 126px;\\\">Năm ra mắt</td><td style=\\\"box-sizing: inherit; margin: 0px; padding: 6px 10px; border: 1px solid rgb(222, 226, 230); vertical-align: top; background: 0px 0px;\\\">2023</td></tr></tbody></table>', 1, '2024-01-04 22:10:28'),
(21, 11, 4, 3, 'Laptop Lenovo ThinkPad X1 Carbon Gen 9 i7 1165G7/16GB/512GB/14', '<table class=\\\"st-pd-table\\\" style=\\\"box-sizing: inherit; margin: 0px; padding: 0px; border: 0px; vertical-align: baseline; background-image: initial; background-position: 0px 0px; background-size: initial; background-repeat: initial; background-attachment: initial; background-origin: initial; background-clip: initial; border-spacing: 0px; line-height: 20px; width: 425px; color: rgb(68, 75, 82); font-family: Roboto, sans-serif;\\\"><tbody style=\\\"box-sizing: inherit; margin: 0px; padding: 0px; border: 0px; vertical-align: baseline; background: 0px 0px;\\\"><tr style=\\\"box-sizing: inherit; margin: 0px; padding: 0px; border: 0px; vertical-align: baseline; background: 0px 0px rgb(243, 244, 247);\\\"><td style=\\\"box-sizing: inherit; margin: 0px; padding: 6px 10px; border: 1px solid rgb(222, 226, 230); vertical-align: top; background: 0px 0px; width: 126px;\\\">Màn hình</td><td style=\\\"box-sizing: inherit; margin: 0px; padding: 6px 10px; border: 1px solid rgb(222, 226, 230); vertical-align: top; background: 0px 0px;\\\">14.0 inch, 1920 x 1200 Pixels, IPS, 60 Hz, 400 nits, IPS</td></tr><tr style=\\\"box-sizing: inherit; margin: 0px; padding: 0px; border: 0px; vertical-align: baseline; background: 0px 0px;\\\"><td style=\\\"box-sizing: inherit; margin: 0px; padding: 6px 10px; border: 1px solid rgb(222, 226, 230); vertical-align: top; background: 0px 0px; width: 126px;\\\">CPU</td><td style=\\\"box-sizing: inherit; margin: 0px; padding: 6px 10px; border: 1px solid rgb(222, 226, 230); vertical-align: top; background: 0px 0px;\\\">Intel, Core i7, 1165G7</td></tr><tr style=\\\"box-sizing: inherit; margin: 0px; padding: 0px; border: 0px; vertical-align: baseline; background: 0px 0px rgb(243, 244, 247);\\\"><td style=\\\"box-sizing: inherit; margin: 0px; padding: 6px 10px; border: 1px solid rgb(222, 226, 230); vertical-align: top; background: 0px 0px; width: 126px;\\\">RAM</td><td style=\\\"box-sizing: inherit; margin: 0px; padding: 6px 10px; border: 1px solid rgb(222, 226, 230); vertical-align: top; background: 0px 0px;\\\">16 GB, LPDDR4X, 4266 MHz</td></tr><tr style=\\\"box-sizing: inherit; margin: 0px; padding: 0px; border: 0px; vertical-align: baseline; background: 0px 0px;\\\"><td style=\\\"box-sizing: inherit; margin: 0px; padding: 6px 10px; border: 1px solid rgb(222, 226, 230); vertical-align: top; background: 0px 0px; width: 126px;\\\">Ổ cứng</td><td style=\\\"box-sizing: inherit; margin: 0px; padding: 6px 10px; border: 1px solid rgb(222, 226, 230); vertical-align: top; background: 0px 0px;\\\">SSD 512 GB</td></tr><tr style=\\\"box-sizing: inherit; margin: 0px; padding: 0px; border: 0px; vertical-align: baseline; background: 0px 0px rgb(243, 244, 247);\\\"><td style=\\\"box-sizing: inherit; margin: 0px; padding: 6px 10px; border: 1px solid rgb(222, 226, 230); vertical-align: top; background: 0px 0px; width: 126px;\\\">Đồ họa</td><td style=\\\"box-sizing: inherit; margin: 0px; padding: 6px 10px; border: 1px solid rgb(222, 226, 230); vertical-align: top; background: 0px 0px;\\\">Intel Iris Xe Graphics</td></tr><tr style=\\\"box-sizing: inherit; margin: 0px; padding: 0px; border: 0px; vertical-align: baseline; background: 0px 0px;\\\"><td style=\\\"box-sizing: inherit; margin: 0px; padding: 6px 10px; border: 1px solid rgb(222, 226, 230); vertical-align: top; background: 0px 0px; width: 126px;\\\">Hệ điều hành</td><td style=\\\"box-sizing: inherit; margin: 0px; padding: 6px 10px; border: 1px solid rgb(222, 226, 230); vertical-align: top; background: 0px 0px;\\\">Windows 11 Home</td></tr><tr style=\\\"box-sizing: inherit; margin: 0px; padding: 0px; border: 0px; vertical-align: baseline; background: 0px 0px rgb(243, 244, 247);\\\"><td style=\\\"box-sizing: inherit; margin: 0px; padding: 6px 10px; border: 1px solid rgb(222, 226, 230); vertical-align: top; background: 0px 0px; width: 126px;\\\">Trọng lượng</td><td style=\\\"box-sizing: inherit; margin: 0px; padding: 6px 10px; border: 1px solid rgb(222, 226, 230); vertical-align: top; background: 0px 0px;\\\">1.133 kg</td></tr><tr style=\\\"box-sizing: inherit; margin: 0px; padding: 0px; border: 0px; vertical-align: baseline; background: 0px 0px;\\\"><td style=\\\"box-sizing: inherit; margin: 0px; padding: 6px 10px; border: 1px solid rgb(222, 226, 230); vertical-align: top; background: 0px 0px; width: 126px;\\\">Kích thước</td><td style=\\\"box-sizing: inherit; margin: 0px; padding: 6px 10px; border: 1px solid rgb(222, 226, 230); vertical-align: top; background: 0px 0px;\\\">315 x 221.6 x 14.9 mm</td></tr><tr style=\\\"box-sizing: inherit; margin: 0px; padding: 0px; border: 0px; vertical-align: baseline; background: 0px 0px rgb(243, 244, 247);\\\"><td style=\\\"box-sizing: inherit; margin: 0px; padding: 6px 10px; border: 1px solid rgb(222, 226, 230); vertical-align: top; background: 0px 0px; width: 126px;\\\">Xuất xứ</td><td style=\\\"box-sizing: inherit; margin: 0px; padding: 6px 10px; border: 1px solid rgb(222, 226, 230); vertical-align: top; background: 0px 0px;\\\">Trung Quốc</td></tr><tr style=\\\"box-sizing: inherit; margin: 0px; padding: 0px; border: 0px; vertical-align: baseline; background: 0px 0px;\\\"><td style=\\\"box-sizing: inherit; margin: 0px; padding: 6px 10px; border: 1px solid rgb(222, 226, 230); vertical-align: top; background: 0px 0px; width: 126px;\\\">Năm ra mắt</td><td style=\\\"box-sizing: inherit; margin: 0px; padding: 6px 10px; border: 1px solid rgb(222, 226, 230); vertical-align: top; background: 0px 0px;\\\">2022</td></tr></tbody></table>', 1, '2024-01-04 22:16:21'),
(22, 11, 4, 3, 'Laptop Asus TUF Gaming FX507ZV4-LP042W i7 12700H', '<table class=\\\"st-pd-table\\\" style=\\\"box-sizing: inherit; margin: 0px; padding: 0px; border: 0px; vertical-align: baseline; background-image: initial; background-position: 0px 0px; background-size: initial; background-repeat: initial; background-attachment: initial; background-origin: initial; background-clip: initial; border-spacing: 0px; line-height: 20px; width: 425px; color: rgb(68, 75, 82); font-family: Roboto, sans-serif;\\\"><tbody style=\\\"box-sizing: inherit; margin: 0px; padding: 0px; border: 0px; vertical-align: baseline; background: 0px 0px;\\\"><tr style=\\\"box-sizing: inherit; margin: 0px; padding: 0px; border: 0px; vertical-align: baseline; background: 0px 0px rgb(243, 244, 247);\\\"><td style=\\\"box-sizing: inherit; margin: 0px; padding: 6px 10px; border: 1px solid rgb(222, 226, 230); vertical-align: top; background: 0px 0px; width: 126px;\\\">Màn hình</td><td style=\\\"box-sizing: inherit; margin: 0px; padding: 6px 10px; border: 1px solid rgb(222, 226, 230); vertical-align: top; background: 0px 0px;\\\">15.6 inch, 1920 x 1080 Pixels, 1920 x 1080 Pixels Màn hình chính:, IPS, 144 Hz, Anti-Glare</td></tr><tr style=\\\"box-sizing: inherit; margin: 0px; padding: 0px; border: 0px; vertical-align: baseline; background: 0px 0px;\\\"><td style=\\\"box-sizing: inherit; margin: 0px; padding: 6px 10px; border: 1px solid rgb(222, 226, 230); vertical-align: top; background: 0px 0px; width: 126px;\\\">CPU</td><td style=\\\"box-sizing: inherit; margin: 0px; padding: 6px 10px; border: 1px solid rgb(222, 226, 230); vertical-align: top; background: 0px 0px;\\\">Intel, Core i7, 12700H</td></tr><tr style=\\\"box-sizing: inherit; margin: 0px; padding: 0px; border: 0px; vertical-align: baseline; background: 0px 0px rgb(243, 244, 247);\\\"><td style=\\\"box-sizing: inherit; margin: 0px; padding: 6px 10px; border: 1px solid rgb(222, 226, 230); vertical-align: top; background: 0px 0px; width: 126px;\\\">RAM</td><td style=\\\"box-sizing: inherit; margin: 0px; padding: 6px 10px; border: 1px solid rgb(222, 226, 230); vertical-align: top; background: 0px 0px;\\\">16 GB</td></tr><tr style=\\\"box-sizing: inherit; margin: 0px; padding: 0px; border: 0px; vertical-align: baseline; background: 0px 0px;\\\"><td style=\\\"box-sizing: inherit; margin: 0px; padding: 6px 10px; border: 1px solid rgb(222, 226, 230); vertical-align: top; background: 0px 0px; width: 126px;\\\">Ổ cứng</td><td style=\\\"box-sizing: inherit; margin: 0px; padding: 6px 10px; border: 1px solid rgb(222, 226, 230); vertical-align: top; background: 0px 0px;\\\">SSD 512 GB</td></tr><tr style=\\\"box-sizing: inherit; margin: 0px; padding: 0px; border: 0px; vertical-align: baseline; background: 0px 0px rgb(243, 244, 247);\\\"><td style=\\\"box-sizing: inherit; margin: 0px; padding: 6px 10px; border: 1px solid rgb(222, 226, 230); vertical-align: top; background: 0px 0px; width: 126px;\\\">Đồ họa</td><td style=\\\"box-sizing: inherit; margin: 0px; padding: 6px 10px; border: 1px solid rgb(222, 226, 230); vertical-align: top; background: 0px 0px;\\\">NVIDIA GeForce RTX 4060 8GB</td></tr><tr style=\\\"box-sizing: inherit; margin: 0px; padding: 0px; border: 0px; vertical-align: baseline; background: 0px 0px;\\\"><td style=\\\"box-sizing: inherit; margin: 0px; padding: 6px 10px; border: 1px solid rgb(222, 226, 230); vertical-align: top; background: 0px 0px; width: 126px;\\\">Hệ điều hành</td><td style=\\\"box-sizing: inherit; margin: 0px; padding: 6px 10px; border: 1px solid rgb(222, 226, 230); vertical-align: top; background: 0px 0px;\\\">Windows 11 Home</td></tr><tr style=\\\"box-sizing: inherit; margin: 0px; padding: 0px; border: 0px; vertical-align: baseline; background: 0px 0px rgb(243, 244, 247);\\\"><td style=\\\"box-sizing: inherit; margin: 0px; padding: 6px 10px; border: 1px solid rgb(222, 226, 230); vertical-align: top; background: 0px 0px; width: 126px;\\\">Trọng lượng</td><td style=\\\"box-sizing: inherit; margin: 0px; padding: 6px 10px; border: 1px solid rgb(222, 226, 230); vertical-align: top; background: 0px 0px;\\\">2.2 kg</td></tr><tr style=\\\"box-sizing: inherit; margin: 0px; padding: 0px; border: 0px; vertical-align: baseline; background: 0px 0px;\\\"><td style=\\\"box-sizing: inherit; margin: 0px; padding: 6px 10px; border: 1px solid rgb(222, 226, 230); vertical-align: top; background: 0px 0px; width: 126px;\\\">Kích thước</td><td style=\\\"box-sizing: inherit; margin: 0px; padding: 6px 10px; border: 1px solid rgb(222, 226, 230); vertical-align: top; background: 0px 0px;\\\">35.4 x 25.1 x 2.24 cm</td></tr><tr style=\\\"box-sizing: inherit; margin: 0px; padding: 0px; border: 0px; vertical-align: baseline; background: 0px 0px rgb(243, 244, 247);\\\"><td style=\\\"box-sizing: inherit; margin: 0px; padding: 6px 10px; border: 1px solid rgb(222, 226, 230); vertical-align: top; background: 0px 0px; width: 126px;\\\">Xuất xứ</td><td style=\\\"box-sizing: inherit; margin: 0px; padding: 6px 10px; border: 1px solid rgb(222, 226, 230); vertical-align: top; background: 0px 0px;\\\">Trung Quốc</td></tr><tr style=\\\"box-sizing: inherit; margin: 0px; padding: 0px; border: 0px; vertical-align: baseline; background: 0px 0px;\\\"><td style=\\\"box-sizing: inherit; margin: 0px; padding: 6px 10px; border: 1px solid rgb(222, 226, 230); vertical-align: top; background: 0px 0px; width: 126px;\\\">Năm ra mắt</td><td style=\\\"box-sizing: inherit; margin: 0px; padding: 6px 10px; border: 1px solid rgb(222, 226, 230); vertical-align: top; background: 0px 0px;\\\">2023</td></tr></tbody></table>', 1, '2024-01-04 22:19:10'),
(23, 12, 4, 6, 'PC Gaming E-Power Crystal White i7 12700F', '<table class=\\\"st-pd-table\\\" style=\\\"margin: 0px; padding: 0px; box-sizing: inherit; border: 0px; vertical-align: baseline; background-image: initial; background-position: 0px 0px; background-size: initial; background-repeat: initial; background-attachment: initial; background-origin: initial; background-clip: initial; border-spacing: 0px; line-height: 20px; width: 425px; color: rgb(68, 75, 82); font-family: Roboto, sans-serif;\\\"><tbody style=\\\"margin: 0px; padding: 0px; box-sizing: inherit; border: 0px; vertical-align: baseline; background: 0px 0px;\\\"><tr style=\\\"margin: 0px; padding: 0px; box-sizing: inherit; border: 0px; vertical-align: baseline; background: 0px 0px rgb(243, 244, 247);\\\"><td style=\\\"margin: 0px; padding: 6px 10px; box-sizing: inherit; border: 1px solid rgb(222, 226, 230); vertical-align: top; background: 0px 0px; width: 126px;\\\">CPU</td><td style=\\\"margin: 0px; padding: 6px 10px; box-sizing: inherit; border: 1px solid rgb(222, 226, 230); vertical-align: top; background: 0px 0px;\\\">Intel, Core i7, 12700F</td></tr><tr style=\\\"margin: 0px; padding: 0px; box-sizing: inherit; border: 0px; vertical-align: baseline; background: 0px 0px;\\\"><td style=\\\"margin: 0px; padding: 6px 10px; box-sizing: inherit; border: 1px solid rgb(222, 226, 230); vertical-align: top; background: 0px 0px; width: 126px;\\\">RAM</td><td style=\\\"margin: 0px; padding: 6px 10px; box-sizing: inherit; border: 1px solid rgb(222, 226, 230); vertical-align: top; background: 0px 0px;\\\">32 GB, DDR4, 3200 MHz</td></tr><tr style=\\\"margin: 0px; padding: 0px; box-sizing: inherit; border: 0px; vertical-align: baseline; background: 0px 0px rgb(243, 244, 247);\\\"><td style=\\\"margin: 0px; padding: 6px 10px; box-sizing: inherit; border: 1px solid rgb(222, 226, 230); vertical-align: top; background: 0px 0px; width: 126px;\\\">Ổ cứng</td><td style=\\\"margin: 0px; padding: 6px 10px; box-sizing: inherit; border: 1px solid rgb(222, 226, 230); vertical-align: top; background: 0px 0px;\\\">SSD 500 GB</td></tr><tr style=\\\"margin: 0px; padding: 0px; box-sizing: inherit; border: 0px; vertical-align: baseline; background: 0px 0px;\\\"><td style=\\\"margin: 0px; padding: 6px 10px; box-sizing: inherit; border: 1px solid rgb(222, 226, 230); vertical-align: top; background: 0px 0px; width: 126px;\\\">Trọng lượng</td><td style=\\\"margin: 0px; padding: 6px 10px; box-sizing: inherit; border: 1px solid rgb(222, 226, 230); vertical-align: top; background: 0px 0px;\\\">7 kg</td></tr><tr style=\\\"margin: 0px; padding: 0px; box-sizing: inherit; border: 0px; vertical-align: baseline; background: 0px 0px rgb(243, 244, 247);\\\"><td style=\\\"margin: 0px; padding: 6px 10px; box-sizing: inherit; border: 1px solid rgb(222, 226, 230); vertical-align: top; background: 0px 0px; width: 126px;\\\">Kích thước (DxRxC)</td><td style=\\\"margin: 0px; padding: 6px 10px; box-sizing: inherit; border: 1px solid rgb(222, 226, 230); vertical-align: top; background: 0px 0px;\\\">299 x 310 x 345 mm</td></tr><tr style=\\\"margin: 0px; padding: 0px; box-sizing: inherit; border: 0px; vertical-align: baseline; background: 0px 0px;\\\"><td style=\\\"margin: 0px; padding: 6px 10px; box-sizing: inherit; border: 1px solid rgb(222, 226, 230); vertical-align: top; background: 0px 0px; width: 126px;\\\">Xuất xứ</td><td style=\\\"margin: 0px; padding: 6px 10px; box-sizing: inherit; border: 1px solid rgb(222, 226, 230); vertical-align: top; background: 0px 0px;\\\">Việt Nam / Trung Quốc</td></tr><tr style=\\\"margin: 0px; padding: 0px; box-sizing: inherit; border: 0px; vertical-align: baseline; background: 0px 0px rgb(243, 244, 247);\\\"><td style=\\\"margin: 0px; padding: 6px 10px; box-sizing: inherit; border: 1px solid rgb(222, 226, 230); vertical-align: top; background: 0px 0px; width: 126px;\\\">Năm ra mắt</td><td style=\\\"margin: 0px; padding: 6px 10px; box-sizing: inherit; border: 1px solid rgb(222, 226, 230); vertical-align: top; background: 0px 0px;\\\">2023</td></tr></tbody></table>', 1, '2024-01-04 22:26:05'),
(24, 12, 4, 6, 'PC Gaming E-Power F3060 i5 11400F', '<table class=\\\"st-pd-table\\\" style=\\\"margin: 0px; padding: 0px; box-sizing: inherit; border: 0px; vertical-align: baseline; background-image: initial; background-position: 0px 0px; background-size: initial; background-repeat: initial; background-attachment: initial; background-origin: initial; background-clip: initial; border-spacing: 0px; line-height: 20px; width: 425px; color: rgb(68, 75, 82); font-family: Roboto, sans-serif;\\\"><tbody style=\\\"margin: 0px; padding: 0px; box-sizing: inherit; border: 0px; vertical-align: baseline; background: 0px 0px;\\\"><tr style=\\\"margin: 0px; padding: 0px; box-sizing: inherit; border: 0px; vertical-align: baseline; background: 0px 0px rgb(243, 244, 247);\\\"><td style=\\\"margin: 0px; padding: 6px 10px; box-sizing: inherit; border: 1px solid rgb(222, 226, 230); vertical-align: top; background: 0px 0px; width: 126px;\\\">CPU</td><td style=\\\"margin: 0px; padding: 6px 10px; box-sizing: inherit; border: 1px solid rgb(222, 226, 230); vertical-align: top; background: 0px 0px;\\\">Intel, Core i5, 11400F</td></tr><tr style=\\\"margin: 0px; padding: 0px; box-sizing: inherit; border: 0px; vertical-align: baseline; background: 0px 0px;\\\"><td style=\\\"margin: 0px; padding: 6px 10px; box-sizing: inherit; border: 1px solid rgb(222, 226, 230); vertical-align: top; background: 0px 0px; width: 126px;\\\">RAM</td><td style=\\\"margin: 0px; padding: 6px 10px; box-sizing: inherit; border: 1px solid rgb(222, 226, 230); vertical-align: top; background: 0px 0px;\\\">16 GB (2 thanh 8 GB), DDR4, 3200 MHz</td></tr><tr style=\\\"margin: 0px; padding: 0px; box-sizing: inherit; border: 0px; vertical-align: baseline; background: 0px 0px rgb(243, 244, 247);\\\"><td style=\\\"margin: 0px; padding: 6px 10px; box-sizing: inherit; border: 1px solid rgb(222, 226, 230); vertical-align: top; background: 0px 0px; width: 126px;\\\">Ổ cứng</td><td style=\\\"margin: 0px; padding: 6px 10px; box-sizing: inherit; border: 1px solid rgb(222, 226, 230); vertical-align: top; background: 0px 0px;\\\">SSD 500 GB</td></tr><tr style=\\\"margin: 0px; padding: 0px; box-sizing: inherit; border: 0px; vertical-align: baseline; background: 0px 0px;\\\"><td style=\\\"margin: 0px; padding: 6px 10px; box-sizing: inherit; border: 1px solid rgb(222, 226, 230); vertical-align: top; background: 0px 0px; width: 126px;\\\">Trọng lượng</td><td style=\\\"margin: 0px; padding: 6px 10px; box-sizing: inherit; border: 1px solid rgb(222, 226, 230); vertical-align: top; background: 0px 0px;\\\">4.5 kg</td></tr><tr style=\\\"margin: 0px; padding: 0px; box-sizing: inherit; border: 0px; vertical-align: baseline; background: 0px 0px rgb(243, 244, 247);\\\"><td style=\\\"margin: 0px; padding: 6px 10px; box-sizing: inherit; border: 1px solid rgb(222, 226, 230); vertical-align: top; background: 0px 0px; width: 126px;\\\">Kích thước (DxRxC)</td><td style=\\\"margin: 0px; padding: 6px 10px; box-sizing: inherit; border: 1px solid rgb(222, 226, 230); vertical-align: top; background: 0px 0px;\\\">380 x 210 x 485 mm</td></tr><tr style=\\\"margin: 0px; padding: 0px; box-sizing: inherit; border: 0px; vertical-align: baseline; background: 0px 0px;\\\"><td style=\\\"margin: 0px; padding: 6px 10px; box-sizing: inherit; border: 1px solid rgb(222, 226, 230); vertical-align: top; background: 0px 0px; width: 126px;\\\">Xuất xứ</td><td style=\\\"margin: 0px; padding: 6px 10px; box-sizing: inherit; border: 1px solid rgb(222, 226, 230); vertical-align: top; background: 0px 0px;\\\">Việt Nam</td></tr><tr style=\\\"margin: 0px; padding: 0px; box-sizing: inherit; border: 0px; vertical-align: baseline; background: 0px 0px rgb(243, 244, 247);\\\"><td style=\\\"margin: 0px; padding: 6px 10px; box-sizing: inherit; border: 1px solid rgb(222, 226, 230); vertical-align: top; background: 0px 0px; width: 126px;\\\">Năm ra mắt</td><td style=\\\"margin: 0px; padding: 6px 10px; box-sizing: inherit; border: 1px solid rgb(222, 226, 230); vertical-align: top; background: 0px 0px;\\\">2022</td></tr></tbody></table>', 1, '2024-01-04 22:29:33'),
(25, 9, 2, 9, ' Mainboard Asus ROG STRIX Z690-E Gaming wifi ( LGA 1200 - ATX Form Factor - DDR4 )', '<table class=\\\"table table-md table-striped table-even\\\" style=\\\"margin: 0px; padding: 0px; box-sizing: inherit; border-spacing: 0px; border: 0px hidden; font-size: 16px; vertical-align: baseline; background: 0px 0px rgb(255, 255, 255); border-radius: 4px; box-shadow: rgb(237, 238, 239) 0px 0px 0px 1px; width: 436px; color: rgb(68, 75, 82); font-family: Roboto, Helvetica, Arial, sans-serif;\\\"><tbody style=\\\"margin: 0px; padding: 0px; box-sizing: inherit; border: 0px; vertical-align: baseline; background: 0px 0px;\\\"><tr style=\\\"margin: 0px; padding: 0px; box-sizing: inherit; border: 0px; vertical-align: baseline; background: 0px 0px;\\\"><td style=\\\"margin: 0px; padding: 6px 12px; box-sizing: inherit; border-right: 1px solid rgb(237, 238, 239); border-bottom: 1px solid rgb(237, 238, 239); border-left: 1px solid rgb(237, 238, 239); border-top-color: rgb(237, 238, 239); border-image: initial; font-size: 14px; background: 0px 0px; min-width: 124px; line-height: 20px; width: 184px;\\\">Thương hiệu</td><td style=\\\"margin: 0px; padding: 6px 12px; box-sizing: inherit; border-right: 1px solid rgb(237, 238, 239); border-bottom: 1px solid rgb(237, 238, 239); border-left: 1px solid rgb(237, 238, 239); border-top-color: rgb(237, 238, 239); border-image: initial; font-size: 14px; background: 0px 0px; min-width: 124px; line-height: 20px;\\\">Asus</td></tr><tr style=\\\"margin: 0px; padding: 0px; box-sizing: inherit; border: 0px; vertical-align: baseline; background: rgb(248, 249, 250);\\\"><td style=\\\"margin: 0px; padding: 6px 12px; box-sizing: inherit; border-right: 1px solid rgb(237, 238, 239); border-bottom: 1px solid rgb(237, 238, 239); border-left: 1px solid rgb(237, 238, 239); border-top-color: rgb(237, 238, 239); border-image: initial; font-size: 14px; background: 0px 0px; min-width: 124px; line-height: 20px; width: 184px; border-bottom-left-radius: 4px;\\\">Thời gian bảo hành (tháng)</td><td style=\\\"margin: 0px; padding: 6px 12px; box-sizing: inherit; border-right: 1px solid rgb(237, 238, 239); border-bottom: 1px solid rgb(237, 238, 239); border-left: 1px solid rgb(237, 238, 239); border-top-color: rgb(237, 238, 239); border-image: initial; font-size: 14px; background: 0px 0px; min-width: 124px; line-height: 20px; border-bottom-right-radius: 4px;\\\">37</td></tr></tbody></table>', 1, '2024-01-04 22:37:13');
INSERT INTO `products` (`id`, `brand_id`, `category_id`, `sub_category_id`, `name`, `specs`, `status`, `date_created`) VALUES
(26, 10, 2, 9, 'Card đồ họa Asus TUF RTX4070-O12G Gaming', '<table class=\\\"table table-md table-striped table-even\\\" style=\\\"margin: 0px; padding: 0px; box-sizing: inherit; border-spacing: 0px; border: 0px hidden; font-size: 16px; vertical-align: baseline; background: 0px 0px rgb(255, 255, 255); border-radius: 4px; box-shadow: rgb(237, 238, 239) 0px 0px 0px 1px; width: 436px; color: rgb(68, 75, 82); font-family: Roboto, Helvetica, Arial, sans-serif;\\\"><tbody style=\\\"margin: 0px; padding: 0px; box-sizing: inherit; border: 0px; vertical-align: baseline; background: 0px 0px;\\\"><tr style=\\\"margin: 0px; padding: 0px; box-sizing: inherit; border: 0px; vertical-align: baseline; background: 0px 0px;\\\"><td style=\\\"margin: 0px; padding: 6px 12px; box-sizing: inherit; border-right: 1px solid rgb(237, 238, 239); border-bottom: 1px solid rgb(237, 238, 239); border-left: 1px solid rgb(237, 238, 239); border-top-color: rgb(237, 238, 239); border-image: initial; font-size: 14px; background: 0px 0px; min-width: 124px; line-height: 20px; width: 184px;\\\">Chip đồ họa</td><td style=\\\"margin: 0px; padding: 6px 12px; box-sizing: inherit; border-right: 1px solid rgb(237, 238, 239); border-bottom: 1px solid rgb(237, 238, 239); border-left: 1px solid rgb(237, 238, 239); border-top-color: rgb(237, 238, 239); border-image: initial; font-size: 14px; background: 0px 0px; min-width: 124px; line-height: 20px;\\\">GeForce RTX 4070</td></tr><tr style=\\\"margin: 0px; padding: 0px; box-sizing: inherit; border: 0px; vertical-align: baseline; background: rgb(248, 249, 250);\\\"><td style=\\\"margin: 0px; padding: 6px 12px; box-sizing: inherit; border-right: 1px solid rgb(237, 238, 239); border-bottom: 1px solid rgb(237, 238, 239); border-left: 1px solid rgb(237, 238, 239); border-top-color: rgb(237, 238, 239); border-image: initial; font-size: 14px; background: 0px 0px; min-width: 124px; line-height: 20px; width: 184px;\\\">Bộ nhớ</td><td style=\\\"margin: 0px; padding: 6px 12px; box-sizing: inherit; border-right: 1px solid rgb(237, 238, 239); border-bottom: 1px solid rgb(237, 238, 239); border-left: 1px solid rgb(237, 238, 239); border-top-color: rgb(237, 238, 239); border-image: initial; font-size: 14px; background: 0px 0px; min-width: 124px; line-height: 20px;\\\">12 GB GDDR6X</td></tr><tr style=\\\"margin: 0px; padding: 0px; box-sizing: inherit; border: 0px; vertical-align: baseline; background: 0px 0px;\\\"><td style=\\\"margin: 0px; padding: 6px 12px; box-sizing: inherit; border-right: 1px solid rgb(237, 238, 239); border-bottom: 1px solid rgb(237, 238, 239); border-left: 1px solid rgb(237, 238, 239); border-top-color: rgb(237, 238, 239); border-image: initial; font-size: 14px; background: 0px 0px; min-width: 124px; line-height: 20px; width: 184px;\\\">Giao diện bộ nhớ</td><td style=\\\"margin: 0px; padding: 6px 12px; box-sizing: inherit; border-right: 1px solid rgb(237, 238, 239); border-bottom: 1px solid rgb(237, 238, 239); border-left: 1px solid rgb(237, 238, 239); border-top-color: rgb(237, 238, 239); border-image: initial; font-size: 14px; background: 0px 0px; min-width: 124px; line-height: 20px;\\\">192 bit</td></tr><tr style=\\\"margin: 0px; padding: 0px; box-sizing: inherit; border: 0px; vertical-align: baseline; background: rgb(248, 249, 250);\\\"><td style=\\\"margin: 0px; padding: 6px 12px; box-sizing: inherit; border-right: 1px solid rgb(237, 238, 239); border-bottom: 1px solid rgb(237, 238, 239); border-left: 1px solid rgb(237, 238, 239); border-top-color: rgb(237, 238, 239); border-image: initial; font-size: 14px; background: 0px 0px; min-width: 124px; line-height: 20px; width: 184px;\\\">Tản nhiệt</td><td style=\\\"margin: 0px; padding: 6px 12px; box-sizing: inherit; border-right: 1px solid rgb(237, 238, 239); border-bottom: 1px solid rgb(237, 238, 239); border-left: 1px solid rgb(237, 238, 239); border-top-color: rgb(237, 238, 239); border-image: initial; font-size: 14px; background: 0px 0px; min-width: 124px; line-height: 20px;\\\">3 quạt</td></tr><tr style=\\\"margin: 0px; padding: 0px; box-sizing: inherit; border: 0px; vertical-align: baseline; background: 0px 0px;\\\"><td style=\\\"margin: 0px; padding: 6px 12px; box-sizing: inherit; border-right: 1px solid rgb(237, 238, 239); border-bottom: 1px solid rgb(237, 238, 239); border-left: 1px solid rgb(237, 238, 239); border-top-color: rgb(237, 238, 239); border-image: initial; font-size: 14px; background: 0px 0px; min-width: 124px; line-height: 20px; width: 184px;\\\">Thương hiệu</td><td style=\\\"margin: 0px; padding: 6px 12px; box-sizing: inherit; border-right: 1px solid rgb(237, 238, 239); border-bottom: 1px solid rgb(237, 238, 239); border-left: 1px solid rgb(237, 238, 239); border-top-color: rgb(237, 238, 239); border-image: initial; font-size: 14px; background: 0px 0px; min-width: 124px; line-height: 20px;\\\">Asus</td></tr><tr style=\\\"margin: 0px; padding: 0px; box-sizing: inherit; border: 0px; vertical-align: baseline; background: rgb(248, 249, 250);\\\"><td style=\\\"margin: 0px; padding: 6px 12px; box-sizing: inherit; border-right: 1px solid rgb(237, 238, 239); border-bottom: 1px solid rgb(237, 238, 239); border-left: 1px solid rgb(237, 238, 239); border-top-color: rgb(237, 238, 239); border-image: initial; font-size: 14px; background: 0px 0px; min-width: 124px; line-height: 20px; width: 184px;\\\">Xuất xứ</td><td style=\\\"margin: 0px; padding: 6px 12px; box-sizing: inherit; border-right: 1px solid rgb(237, 238, 239); border-bottom: 1px solid rgb(237, 238, 239); border-left: 1px solid rgb(237, 238, 239); border-top-color: rgb(237, 238, 239); border-image: initial; font-size: 14px; background: 0px 0px; min-width: 124px; line-height: 20px;\\\">Trung Quốc</td></tr><tr style=\\\"margin: 0px; padding: 0px; box-sizing: inherit; border: 0px; vertical-align: baseline; background: 0px 0px;\\\"><td style=\\\"margin: 0px; padding: 6px 12px; box-sizing: inherit; border-right: 1px solid rgb(237, 238, 239); border-bottom: 1px solid rgb(237, 238, 239); border-left: 1px solid rgb(237, 238, 239); border-top-color: rgb(237, 238, 239); border-image: initial; font-size: 14px; background: 0px 0px; min-width: 124px; line-height: 20px; width: 184px; border-bottom-left-radius: 4px;\\\">Thời gian bảo hành (tháng)</td><td style=\\\"margin: 0px; padding: 6px 12px; box-sizing: inherit; border-right: 1px solid rgb(237, 238, 239); border-bottom: 1px solid rgb(237, 238, 239); border-left: 1px solid rgb(237, 238, 239); border-top-color: rgb(237, 238, 239); border-image: initial; font-size: 14px; background: 0px 0px; min-width: 124px; line-height: 20px; border-bottom-right-radius: 4px;\\\">36</td></tr></tbody></table>', 1, '2024-01-04 22:40:23'),
(27, 10, 2, 10, ' Pin sạc dự phòng Magsafe Wekome WP-365 15W 10,000mAh', '<table class=\\\"st-pd-table\\\" style=\\\"margin: 0px; padding: 0px; border: 0px; vertical-align: baseline; background-image: initial; background-position: 0px 0px; background-size: initial; background-repeat: initial; background-attachment: initial; background-origin: initial; background-clip: initial; border-spacing: 0px; line-height: 20px; width: 454.987px; color: rgb(68, 75, 82); font-family: Roboto, sans-serif;\\\"><tbody style=\\\"margin: 0px; padding: 0px; border: 0px; vertical-align: baseline; background: 0px 0px;\\\"><tr style=\\\"margin: 0px; padding: 0px; border: 0px; vertical-align: baseline; background: 0px 0px rgb(243, 244, 247);\\\"><td style=\\\"margin: 0px; padding: 6px 10px; border: 1px solid rgb(222, 226, 230); vertical-align: top; background: 0px 0px; width: 126px;\\\">Dung lượng pin</td><td style=\\\"margin: 0px; padding: 6px 10px; border: 1px solid rgb(222, 226, 230); vertical-align: top; background: 0px 0px;\\\">10,000 mAh</td></tr><tr style=\\\"margin: 0px; padding: 0px; border: 0px; vertical-align: baseline; background: 0px 0px;\\\"><td style=\\\"margin: 0px; padding: 6px 10px; border: 1px solid rgb(222, 226, 230); vertical-align: top; background: 0px 0px; width: 126px;\\\">Lõi pin</td><td style=\\\"margin: 0px; padding: 6px 10px; border: 1px solid rgb(222, 226, 230); vertical-align: top; background: 0px 0px;\\\">Lithium polymer</td></tr><tr style=\\\"margin: 0px; padding: 0px; border: 0px; vertical-align: baseline; background: 0px 0px rgb(243, 244, 247);\\\"><td style=\\\"margin: 0px; padding: 6px 10px; border: 1px solid rgb(222, 226, 230); vertical-align: top; background: 0px 0px; width: 126px;\\\">Cổng kết nối</td><td style=\\\"margin: 0px; padding: 6px 10px; border: 1px solid rgb(222, 226, 230); vertical-align: top; background: 0px 0px;\\\">Type C</td></tr><tr style=\\\"margin: 0px; padding: 0px; border: 0px; vertical-align: baseline; background: 0px 0px;\\\"><td style=\\\"margin: 0px; padding: 6px 10px; border: 1px solid rgb(222, 226, 230); vertical-align: top; background: 0px 0px; width: 126px;\\\">Tính năng</td><td style=\\\"margin: 0px; padding: 6px 10px; border: 1px solid rgb(222, 226, 230); vertical-align: top; background: 0px 0px;\\\">Sạc</td></tr><tr style=\\\"margin: 0px; padding: 0px; border: 0px; vertical-align: baseline; background: 0px 0px rgb(243, 244, 247);\\\"><td style=\\\"margin: 0px; padding: 6px 10px; border: 1px solid rgb(222, 226, 230); vertical-align: top; background: 0px 0px; width: 126px;\\\">Thương hiệu</td><td style=\\\"margin: 0px; padding: 6px 10px; border: 1px solid rgb(222, 226, 230); vertical-align: top; background: 0px 0px;\\\">Khác</td></tr><tr style=\\\"margin: 0px; padding: 0px; border: 0px; vertical-align: baseline; background: 0px 0px;\\\"><td style=\\\"margin: 0px; padding: 6px 10px; border: 1px solid rgb(222, 226, 230); vertical-align: top; background: 0px 0px; width: 126px;\\\">Xuất xứ</td><td style=\\\"margin: 0px; padding: 6px 10px; border: 1px solid rgb(222, 226, 230); vertical-align: top; background: 0px 0px;\\\">Trung Quốc<br><br></td></tr></tbody></table>', 1, '2024-01-04 22:46:01'),
(28, 10, 2, 10, ' Sạc nhanh Magsafe không dây 3in1 Belkin 15W', '<table class=\\\"st-pd-table\\\" style=\\\"margin: 0px; padding: 0px; border: 0px; vertical-align: baseline; background-image: initial; background-position: 0px 0px; background-size: initial; background-repeat: initial; background-attachment: initial; background-origin: initial; background-clip: initial; border-spacing: 0px; line-height: 20px; width: 454.987px; color: rgb(68, 75, 82); font-family: Roboto, sans-serif;\\\"><tbody style=\\\"margin: 0px; padding: 0px; border: 0px; vertical-align: baseline; background: 0px 0px;\\\"><tr style=\\\"margin: 0px; padding: 0px; border: 0px; vertical-align: baseline; background: 0px 0px rgb(243, 244, 247);\\\"><td style=\\\"margin: 0px; padding: 6px 10px; border: 1px solid rgb(222, 226, 230); vertical-align: top; background: 0px 0px; width: 126px;\\\">Loại</td><td style=\\\"margin: 0px; padding: 6px 10px; border: 1px solid rgb(222, 226, 230); vertical-align: top; background: 0px 0px;\\\">Sạc nhanh</td></tr><tr style=\\\"margin: 0px; padding: 0px; border: 0px; vertical-align: baseline; background: 0px 0px;\\\"><td style=\\\"margin: 0px; padding: 6px 10px; border: 1px solid rgb(222, 226, 230); vertical-align: top; background: 0px 0px; width: 126px;\\\">Chất liệu</td><td style=\\\"margin: 0px; padding: 6px 10px; border: 1px solid rgb(222, 226, 230); vertical-align: top; background: 0px 0px;\\\">Thép không gỉ, Vỏ: Nhựa cao cấp</td></tr><tr style=\\\"margin: 0px; padding: 0px; border: 0px; vertical-align: baseline; background: 0px 0px rgb(243, 244, 247);\\\"><td style=\\\"margin: 0px; padding: 6px 10px; border: 1px solid rgb(222, 226, 230); vertical-align: top; background: 0px 0px; width: 126px;\\\">Cổng giao tiếp</td><td style=\\\"margin: 0px; padding: 6px 10px; border: 1px solid rgb(222, 226, 230); vertical-align: top; background: 0px 0px;\\\">DC-in jack</td></tr><tr style=\\\"margin: 0px; padding: 0px; border: 0px; vertical-align: baseline; background: 0px 0px;\\\"><td style=\\\"margin: 0px; padding: 6px 10px; border: 1px solid rgb(222, 226, 230); vertical-align: top; background: 0px 0px; width: 126px;\\\">Tính năng</td><td style=\\\"margin: 0px; padding: 6px 10px; border: 1px solid rgb(222, 226, 230); vertical-align: top; background: 0px 0px;\\\">Sạc nhanh; Tương thích với sạc không dây MagSafe; Đèn báo chức năng</td></tr><tr style=\\\"margin: 0px; padding: 0px; border: 0px; vertical-align: baseline; background: 0px 0px rgb(243, 244, 247);\\\"><td style=\\\"margin: 0px; padding: 6px 10px; border: 1px solid rgb(222, 226, 230); vertical-align: top; background: 0px 0px; width: 126px;\\\">Sử dụng cho thiết bị</td><td style=\\\"margin: 0px; padding: 6px 10px; border: 1px solid rgb(222, 226, 230); vertical-align: top; background: 0px 0px;\\\">Apple Watch<br><br></td></tr></tbody></table>', 1, '2024-01-04 22:49:06'),
(29, 10, 2, 9, 'Màn hình Apple Studio Display 27 inch 5K - Kính Nano - Không chân đế ', '<table class=\\\"st-pd-table\\\" style=\\\"box-sizing: inherit; margin: 0px; padding: 0px; border: 0px; vertical-align: baseline; background-image: initial; background-position: 0px 0px; background-size: initial; background-repeat: initial; background-attachment: initial; background-origin: initial; background-clip: initial; border-spacing: 0px; line-height: 20px; width: 425px; color: rgb(68, 75, 82); font-family: Roboto, sans-serif;\\\"><tbody style=\\\"box-sizing: inherit; margin: 0px; padding: 0px; border: 0px; vertical-align: baseline; background: 0px 0px;\\\"><tr style=\\\"box-sizing: inherit; margin: 0px; padding: 0px; border: 0px; vertical-align: baseline; background: 0px 0px rgb(243, 244, 247);\\\"><td style=\\\"box-sizing: inherit; margin: 0px; padding: 6px 10px; border: 1px solid rgb(222, 226, 230); vertical-align: top; background: 0px 0px; width: 126px;\\\">Màn hình</td><td style=\\\"box-sizing: inherit; margin: 0px; padding: 6px 10px; border: 1px solid rgb(222, 226, 230); vertical-align: top; background: 0px 0px;\\\">Màn hình phẳng, 27 inch, 5120 x 2880 Pixels, 5K Rentina, 600 nits, Nano True Tone, Wide color (P3)</td></tr><tr style=\\\"box-sizing: inherit; margin: 0px; padding: 0px; border: 0px; vertical-align: baseline; background: 0px 0px;\\\"><td style=\\\"box-sizing: inherit; margin: 0px; padding: 6px 10px; border: 1px solid rgb(222, 226, 230); vertical-align: top; background: 0px 0px; width: 126px;\\\">Cổng kết nối</td><td style=\\\"box-sizing: inherit; margin: 0px; padding: 6px 10px; border: 1px solid rgb(222, 226, 230); vertical-align: top; background: 0px 0px;\\\">3 Type C, 1 Thunderbolt</td></tr><tr style=\\\"box-sizing: inherit; margin: 0px; padding: 0px; border: 0px; vertical-align: baseline; background: 0px 0px rgb(243, 244, 247);\\\"><td style=\\\"box-sizing: inherit; margin: 0px; padding: 6px 10px; border: 1px solid rgb(222, 226, 230); vertical-align: top; background: 0px 0px; width: 126px;\\\">Đầu ra âm thanh</td><td style=\\\"box-sizing: inherit; margin: 0px; padding: 6px 10px; border: 1px solid rgb(222, 226, 230); vertical-align: top; background: 0px 0px;\\\">6 Loa</td></tr><tr style=\\\"box-sizing: inherit; margin: 0px; padding: 0px; border: 0px; vertical-align: baseline; background: 0px 0px;\\\"><td style=\\\"box-sizing: inherit; margin: 0px; padding: 6px 10px; border: 1px solid rgb(222, 226, 230); vertical-align: top; background: 0px 0px; width: 126px;\\\">Thương hiệu</td><td style=\\\"box-sizing: inherit; margin: 0px; padding: 6px 10px; border: 1px solid rgb(222, 226, 230); vertical-align: top; background: 0px 0px;\\\">Apple<span class=\\\"view_brand-info\\\" style=\\\"box-sizing: inherit; margin: 0px 0px 0px 4px; padding: 0px; border: 0px; vertical-align: baseline; background: 0px 0px; color: rgb(1, 104, 250); cursor: pointer;\\\">Xem thông tin hãng</span></td></tr><tr style=\\\"box-sizing: inherit; margin: 0px; padding: 0px; border: 0px; vertical-align: baseline; background: 0px 0px rgb(243, 244, 247);\\\"><td style=\\\"box-sizing: inherit; margin: 0px; padding: 6px 10px; border: 1px solid rgb(222, 226, 230); vertical-align: top; background: 0px 0px; width: 126px;\\\">Xuất xứ</td><td style=\\\"box-sizing: inherit; margin: 0px; padding: 6px 10px; border: 1px solid rgb(222, 226, 230); vertical-align: top; background: 0px 0px;\\\">Trung Quốc</td></tr><tr style=\\\"box-sizing: inherit; margin: 0px; padding: 0px; border: 0px; vertical-align: baseline; background: 0px 0px;\\\"><td style=\\\"box-sizing: inherit; margin: 0px; padding: 6px 10px; border: 1px solid rgb(222, 226, 230); vertical-align: top; background: 0px 0px; width: 126px;\\\">Thời gian bảo hành (tháng)</td><td style=\\\"box-sizing: inherit; margin: 0px; padding: 6px 10px; border: 1px solid rgb(222, 226, 230); vertical-align: top; background: 0px 0px;\\\">12</td></tr></tbody></table>', 1, '2024-01-18 21:17:05'),
(30, 3, 1, 5, 'Samsung Galaxy S24 Ultra 5G', '<table class=\\\"st-pd-table\\\" style=\\\"box-sizing: inherit; margin: 0px; padding: 0px; border: 0px; vertical-align: baseline; background-image: initial; background-position: 0px 0px; background-size: initial; background-repeat: initial; background-attachment: initial; background-origin: initial; background-clip: initial; border-spacing: 0px; line-height: 20px; width: 425px; color: rgb(68, 75, 82); font-family: Roboto, sans-serif;\\\"><tbody style=\\\"box-sizing: inherit; margin: 0px; padding: 0px; border: 0px; vertical-align: baseline; background: 0px 0px;\\\"><tr style=\\\"box-sizing: inherit; margin: 0px; padding: 0px; border: 0px; vertical-align: baseline; background: 0px 0px rgb(243, 244, 247);\\\"><td style=\\\"box-sizing: inherit; margin: 0px; padding: 6px 10px; border: 1px solid rgb(222, 226, 230); vertical-align: top; background: 0px 0px; width: 126px;\\\">Màn hình</td><td style=\\\"box-sizing: inherit; margin: 0px; padding: 6px 10px; border: 1px solid rgb(222, 226, 230); vertical-align: top; background: 0px 0px;\\\">6.8 inch, QHD+, Dynamic AMOLED 2X, 3120 x 1440 Pixels</td></tr><tr style=\\\"box-sizing: inherit; margin: 0px; padding: 0px; border: 0px; vertical-align: baseline; background: 0px 0px;\\\"><td style=\\\"box-sizing: inherit; margin: 0px; padding: 6px 10px; border: 1px solid rgb(222, 226, 230); vertical-align: top; background: 0px 0px; width: 126px;\\\">Camera sau</td><td style=\\\"box-sizing: inherit; margin: 0px; padding: 6px 10px; border: 1px solid rgb(222, 226, 230); vertical-align: top; background: 0px 0px;\\\">200.0 MP + 50.0 MP + 10.0 MP + 12.0 MP</td></tr><tr style=\\\"box-sizing: inherit; margin: 0px; padding: 0px; border: 0px; vertical-align: baseline; background: 0px 0px rgb(243, 244, 247);\\\"><td style=\\\"box-sizing: inherit; margin: 0px; padding: 6px 10px; border: 1px solid rgb(222, 226, 230); vertical-align: top; background: 0px 0px; width: 126px;\\\">Camera Selfie</td><td style=\\\"box-sizing: inherit; margin: 0px; padding: 6px 10px; border: 1px solid rgb(222, 226, 230); vertical-align: top; background: 0px 0px;\\\">12.0 MP</td></tr><tr style=\\\"box-sizing: inherit; margin: 0px; padding: 0px; border: 0px; vertical-align: baseline; background: 0px 0px;\\\"><td style=\\\"box-sizing: inherit; margin: 0px; padding: 6px 10px; border: 1px solid rgb(222, 226, 230); vertical-align: top; background: 0px 0px; width: 126px;\\\">RAM</td><td style=\\\"box-sizing: inherit; margin: 0px; padding: 6px 10px; border: 1px solid rgb(222, 226, 230); vertical-align: top; background: 0px 0px;\\\">12 GB</td></tr><tr style=\\\"box-sizing: inherit; margin: 0px; padding: 0px; border: 0px; vertical-align: baseline; background: 0px 0px rgb(243, 244, 247);\\\"><td style=\\\"box-sizing: inherit; margin: 0px; padding: 6px 10px; border: 1px solid rgb(222, 226, 230); vertical-align: top; background: 0px 0px; width: 126px;\\\">Bộ nhớ trong</td><td style=\\\"box-sizing: inherit; margin: 0px; padding: 6px 10px; border: 1px solid rgb(222, 226, 230); vertical-align: top; background: 0px 0px;\\\">256 GB</td></tr><tr style=\\\"box-sizing: inherit; margin: 0px; padding: 0px; border: 0px; vertical-align: baseline; background: 0px 0px;\\\"><td style=\\\"box-sizing: inherit; margin: 0px; padding: 6px 10px; border: 1px solid rgb(222, 226, 230); vertical-align: top; background: 0px 0px; width: 126px;\\\">CPU</td><td style=\\\"box-sizing: inherit; margin: 0px; padding: 6px 10px; border: 1px solid rgb(222, 226, 230); vertical-align: top; background: 0px 0px;\\\">Snapdragon 8 Gen 3</td></tr><tr style=\\\"box-sizing: inherit; margin: 0px; padding: 0px; border: 0px; vertical-align: baseline; background: 0px 0px rgb(243, 244, 247);\\\"><td style=\\\"box-sizing: inherit; margin: 0px; padding: 6px 10px; border: 1px solid rgb(222, 226, 230); vertical-align: top; background: 0px 0px; width: 126px;\\\">GPU</td><td style=\\\"box-sizing: inherit; margin: 0px; padding: 6px 10px; border: 1px solid rgb(222, 226, 230); vertical-align: top; background: 0px 0px;\\\">Adreno750</td></tr><tr style=\\\"box-sizing: inherit; margin: 0px; padding: 0px; border: 0px; vertical-align: baseline; background: 0px 0px;\\\"><td style=\\\"box-sizing: inherit; margin: 0px; padding: 6px 10px; border: 1px solid rgb(222, 226, 230); vertical-align: top; background: 0px 0px; width: 126px;\\\">Dung lượng pin</td><td style=\\\"box-sizing: inherit; margin: 0px; padding: 6px 10px; border: 1px solid rgb(222, 226, 230); vertical-align: top; background: 0px 0px;\\\">5000 mAh</td></tr><tr style=\\\"box-sizing: inherit; margin: 0px; padding: 0px; border: 0px; vertical-align: baseline; background: 0px 0px rgb(243, 244, 247);\\\"><td style=\\\"box-sizing: inherit; margin: 0px; padding: 6px 10px; border: 1px solid rgb(222, 226, 230); vertical-align: top; background: 0px 0px; width: 126px;\\\">Thẻ sim</td><td style=\\\"box-sizing: inherit; margin: 0px; padding: 6px 10px; border: 1px solid rgb(222, 226, 230); vertical-align: top; background: 0px 0px;\\\">1 - 1 eSIM, 1 Nano SIM</td></tr><tr style=\\\"box-sizing: inherit; margin: 0px; padding: 0px; border: 0px; vertical-align: baseline; background: 0px 0px;\\\"><td style=\\\"box-sizing: inherit; margin: 0px; padding: 6px 10px; border: 1px solid rgb(222, 226, 230); vertical-align: top; background: 0px 0px; width: 126px;\\\">Hệ điều hành</td><td style=\\\"box-sizing: inherit; margin: 0px; padding: 6px 10px; border: 1px solid rgb(222, 226, 230); vertical-align: top; background: 0px 0px;\\\">Android 14</td></tr><tr style=\\\"box-sizing: inherit; margin: 0px; padding: 0px; border: 0px; vertical-align: baseline; background: 0px 0px rgb(243, 244, 247);\\\"><td style=\\\"box-sizing: inherit; margin: 0px; padding: 6px 10px; border: 1px solid rgb(222, 226, 230); vertical-align: top; background: 0px 0px; width: 126px;\\\">Xuất xứ</td><td style=\\\"box-sizing: inherit; margin: 0px; padding: 6px 10px; border: 1px solid rgb(222, 226, 230); vertical-align: top; background: 0px 0px;\\\">Việt Nam / Trung Quốc</td></tr><tr style=\\\"box-sizing: inherit; margin: 0px; padding: 0px; border: 0px; vertical-align: baseline; background: 0px 0px;\\\"><td style=\\\"box-sizing: inherit; margin: 0px; padding: 6px 10px; border: 1px solid rgb(222, 226, 230); vertical-align: top; background: 0px 0px; width: 126px;\\\">Thời gian ra mắt</td><td style=\\\"box-sizing: inherit; margin: 0px; padding: 6px 10px; border: 1px solid rgb(222, 226, 230); vertical-align: top; background: 0px 0px;\\\">01/2024</td></tr></tbody></table>', 1, '2024-02-16 21:34:12');

-- --------------------------------------------------------

--
-- Cấu trúc bảng cho bảng `sales`
--

CREATE TABLE `sales` (
  `id` int(30) NOT NULL,
  `order_id` int(30) NOT NULL,
  `total_amount` double NOT NULL,
  `date_created` datetime NOT NULL DEFAULT current_timestamp()
) ENGINE=InnoDB DEFAULT CHARSET=utf8mb4 COLLATE=utf8mb4_general_ci;

--
-- Đang đổ dữ liệu cho bảng `sales`
--

INSERT INTO `sales` (`id`, `order_id`, `total_amount`, `date_created`) VALUES
(3, 4, 350, '2024-01-02 19:09:03'),
(4, 5, 69990, '2024-01-02 19:09:29'),
(8, 9, 5000000, '2024-01-03 20:44:10'),
(9, 10, 47990000, '2024-01-11 22:00:57'),
(10, 11, 27490100, '2024-01-11 22:01:31'),
(11, 12, 37479000, '2024-01-18 19:53:15'),
(12, 15, 27489100, '2024-01-23 19:47:39'),
(13, 16, 34384100, '2024-01-23 20:10:49'),
(14, 18, 29990000, '2024-02-16 20:45:59'),
(15, 19, 61980000, '2024-02-16 21:48:23'),
(16, 20, 89990000, '2024-02-16 21:49:12');

-- --------------------------------------------------------

--
-- Cấu trúc bảng cho bảng `sub_categories`
--

CREATE TABLE `sub_categories` (
  `id` int(30) NOT NULL,
  `parent_id` int(30) NOT NULL,
  `sub_category` varchar(250) NOT NULL,
  `description` text NOT NULL,
  `status` tinyint(1) NOT NULL DEFAULT 1,
  `date_created` datetime NOT NULL DEFAULT current_timestamp()
) ENGINE=InnoDB DEFAULT CHARSET=utf8mb4 COLLATE=utf8mb4_general_ci;

--
-- Đang đổ dữ liệu cho bảng `sub_categories`
--

INSERT INTO `sub_categories` (`id`, `parent_id`, `sub_category`, `description`, `status`, `date_created`) VALUES
(3, 4, 'Laptop', 'Micro SD Cards', 1, '2024-01-16 11:29:40'),
(5, 1, 'SamSung', 'di ss', 1, '2024-01-02 18:32:22'),
(6, 4, 'PC', 'mt', 1, '2024-01-02 18:33:14'),
(9, 2, 'Linh kiện PC', 'linh kiện laptop - PC', 1, '2024-01-18 21:08:37'),
(10, 2, 'Điện thoại', 'pkdt', 1, '2024-01-26 20:34:26'),
(11, 1, 'iPhone', 'ip', 1, '2024-01-26 20:34:52');

-- --------------------------------------------------------

--
-- Cấu trúc bảng cho bảng `system_info`
--

CREATE TABLE `system_info` (
  `id` int(30) NOT NULL,
  `meta_field` text NOT NULL,
  `meta_value` text NOT NULL
) ENGINE=InnoDB DEFAULT CHARSET=utf8mb4 COLLATE=utf8mb4_general_ci;

--
-- Đang đổ dữ liệu cho bảng `system_info`
--

INSERT INTO `system_info` (`id`, `meta_field`, `meta_value`) VALUES
(1, 'name', 'HUNRE Shop | Thiết bị di động | Laptop cao cấp '),
(6, 'short_name', 'HUNRE SHOP'),
(11, 'logo', 'uploads/1704137640_1704128160_hunre(1).png'),
(13, 'user_avatar', 'uploads/user_avatar.jpg'),
(14, 'cover', 'uploads/1704137640_bannershop.png');

-- --------------------------------------------------------

--
-- Cấu trúc bảng cho bảng `users`
--

CREATE TABLE `users` (
  `id` int(50) NOT NULL,
  `firstname` varchar(250) NOT NULL,
  `lastname` varchar(250) NOT NULL,
  `username` text NOT NULL,
  `password` text NOT NULL,
  `avatar` text DEFAULT NULL,
  `last_login` datetime DEFAULT NULL,
  `type` tinyint(1) NOT NULL DEFAULT 0,
  `date_added` datetime NOT NULL DEFAULT current_timestamp(),
  `date_updated` datetime DEFAULT NULL ON UPDATE current_timestamp()
) ENGINE=InnoDB DEFAULT CHARSET=utf8mb4 COLLATE=utf8mb4_general_ci;

--
-- Đang đổ dữ liệu cho bảng `users`
--

INSERT INTO `users` (`id`, `firstname`, `lastname`, `username`, `password`, `avatar`, `last_login`, `type`, `date_added`, `date_updated`) VALUES
(1, 'Adminstrator', 'Admin', 'admin', '202cb962ac59075b964b07152d234b70', 'uploads/1624240500_avatar.png', NULL, 1, '2024-01-20 14:02:37', '2024-01-26 20:20:01'),
(2, 'mc', 'duc', 'mc', '202cb962ac59075b964b07152d234b70', 'uploads/1708066680_hunre(1).png', NULL, 1, '2024-01-04 20:41:01', '2024-02-16 13:58:53');

--
-- Chỉ mục cho các bảng đã đổ
--

--
-- Chỉ mục cho bảng `brands`
--
ALTER TABLE `brands`
  ADD PRIMARY KEY (`id`);

--
-- Chỉ mục cho bảng `cart`
--
ALTER TABLE `cart`
  ADD PRIMARY KEY (`id`);

--
-- Chỉ mục cho bảng `categories`
--
ALTER TABLE `categories`
  ADD PRIMARY KEY (`id`);

--
-- Chỉ mục cho bảng `clients`
--
ALTER TABLE `clients`
  ADD PRIMARY KEY (`id`);

--
-- Chỉ mục cho bảng `inventory`
--
ALTER TABLE `inventory`
  ADD PRIMARY KEY (`id`);

--
-- Chỉ mục cho bảng `orders`
--
ALTER TABLE `orders`
  ADD PRIMARY KEY (`id`);

--
-- Chỉ mục cho bảng `order_list`
--
ALTER TABLE `order_list`
  ADD PRIMARY KEY (`id`);

--
-- Chỉ mục cho bảng `products`
--
ALTER TABLE `products`
  ADD PRIMARY KEY (`id`);

--
-- Chỉ mục cho bảng `sales`
--
ALTER TABLE `sales`
  ADD PRIMARY KEY (`id`);

--
-- Chỉ mục cho bảng `sub_categories`
--
ALTER TABLE `sub_categories`
  ADD PRIMARY KEY (`id`);

--
-- Chỉ mục cho bảng `system_info`
--
ALTER TABLE `system_info`
  ADD PRIMARY KEY (`id`);

--
-- Chỉ mục cho bảng `users`
--
ALTER TABLE `users`
  ADD PRIMARY KEY (`id`);

--
-- AUTO_INCREMENT cho các bảng đã đổ
--

--
-- AUTO_INCREMENT cho bảng `brands`
--
ALTER TABLE `brands`
  MODIFY `id` int(30) NOT NULL AUTO_INCREMENT, AUTO_INCREMENT=13;

--
-- AUTO_INCREMENT cho bảng `cart`
--
ALTER TABLE `cart`
  MODIFY `id` int(30) NOT NULL AUTO_INCREMENT, AUTO_INCREMENT=31;

--
-- AUTO_INCREMENT cho bảng `categories`
--
ALTER TABLE `categories`
  MODIFY `id` int(30) NOT NULL AUTO_INCREMENT, AUTO_INCREMENT=7;

--
-- AUTO_INCREMENT cho bảng `clients`
--
ALTER TABLE `clients`
  MODIFY `id` int(30) NOT NULL AUTO_INCREMENT, AUTO_INCREMENT=8;

--
-- AUTO_INCREMENT cho bảng `inventory`
--
ALTER TABLE `inventory`
  MODIFY `id` int(30) NOT NULL AUTO_INCREMENT, AUTO_INCREMENT=27;

--
-- AUTO_INCREMENT cho bảng `orders`
--
ALTER TABLE `orders`
  MODIFY `id` int(30) NOT NULL AUTO_INCREMENT, AUTO_INCREMENT=21;

--
-- AUTO_INCREMENT cho bảng `order_list`
--
ALTER TABLE `order_list`
  MODIFY `id` int(30) NOT NULL AUTO_INCREMENT, AUTO_INCREMENT=22;

--
-- AUTO_INCREMENT cho bảng `products`
--
ALTER TABLE `products`
  MODIFY `id` int(30) NOT NULL AUTO_INCREMENT, AUTO_INCREMENT=31;

--
-- AUTO_INCREMENT cho bảng `sales`
--
ALTER TABLE `sales`
  MODIFY `id` int(30) NOT NULL AUTO_INCREMENT, AUTO_INCREMENT=17;

--
-- AUTO_INCREMENT cho bảng `sub_categories`
--
ALTER TABLE `sub_categories`
  MODIFY `id` int(30) NOT NULL AUTO_INCREMENT, AUTO_INCREMENT=12;

--
-- AUTO_INCREMENT cho bảng `system_info`
--
ALTER TABLE `system_info`
  MODIFY `id` int(30) NOT NULL AUTO_INCREMENT, AUTO_INCREMENT=15;

--
-- AUTO_INCREMENT cho bảng `users`
--
ALTER TABLE `users`
  MODIFY `id` int(50) NOT NULL AUTO_INCREMENT, AUTO_INCREMENT=3;
COMMIT;

/*!40101 SET CHARACTER_SET_CLIENT=@OLD_CHARACTER_SET_CLIENT */;
/*!40101 SET CHARACTER_SET_RESULTS=@OLD_CHARACTER_SET_RESULTS */;
/*!40101 SET COLLATION_CONNECTION=@OLD_COLLATION_CONNECTION */;
